timestamp,rain_27.00_88.25,rain_27.00_88.50,rain_27.25_88.25,rain_27.25_88.50,rain_mean,rain_max,rain_1d,rain_3d,rain_7d
2023-01-01,0.0,0.0,0.0,0.0,0.0,0.0,0.0,,
2023-01-02,0.0,0.0,0.0,0.0,0.0,0.0,0.0,,
2023-01-03,0.0,0.0,0.0,0.0,0.0,0.0,0.0,0.0,
2023-01-04,0.0,0.0,0.0,0.0,0.0,0.0,0.0,0.0,
2023-01-05,0.0,0.0,0.0,0.0,0.0,0.0,0.0,0.0,
2023-01-06,0.0,0.0,0.0,0.0,0.0,0.0,0.0,0.0,
2023-01-07,0.0,0.0,0.0,0.0,0.0,0.0,0.0,0.0,0.0
2023-01-08,0.0,0.0,0.0,0.0,0.0,0.0,0.0,0.0,0.0
2023-01-09,0.0,0.0,0.0,0.0,0.0,0.0,0.0,0.0,0.0
2023-01-10,0.0,0.0,0.0,0.0,0.0,0.0,0.0,0.0,0.0
2023-01-11,0.0,0.0,0.0,0.0,0.0,0.0,0.0,0.0,0.0
2023-01-12,0.0,0.0,0.0,0.0,0.0,0.0,0.0,0.0,0.0
2023-01-13,0.0,0.0,0.0,0.0,0.0,0.0,0.0,0.0,0.0
2023-01-14,0.0,0.0,0.0,0.0,0.0,0.0,0.0,0.0,0.0
2023-01-15,0.0,0.0,0.38730973,0.3961678,0.19586938250000002,0.3961678,0.19586938250000002,0.19586938250000002,0.19586938250000002
2023-01-16,0.0,0.0,0.0,0.0,0.0,0.0,0.0,0.19586938250000002,0.19586938250000002
2023-01-17,0.0,0.0,0.0,0.0,0.0,0.0,0.0,0.19586938250000002,0.19586938250000002
2023-01-18,0.0,0.0,0.0,0.0,0.0,0.0,0.0,0.0,0.19586938250000002
2023-01-19,0.0,0.0,0.35209972,0.36015257,0.1780630725,0.36015257,0.1780630725,0.1780630725,0.37393245500000005
2023-01-20,0.0,0.0,0.0,0.0,0.0,0.0,0.0,0.1780630725,0.37393245500000005
2023-01-21,0.0,0.0,0.0,0.0,0.0,0.0,0.0,0.1780630725,0.37393245500000005
2023-01-22,0.0,0.0,0.0,0.0,0.0,0.0,0.0,0.0,0.1780630725
2023-01-23,0.0,0.0,0.0,0.0,0.0,0.0,0.0,0.0,0.1780630725
2023-01-24,0.0,0.0,0.0,0.0,0.0,0.0,0.0,0.0,0.1780630725
2023-01-25,0.0,0.0,0.0,0.0,0.0,0.0,0.0,0.0,0.1780630725
2023-01-26,0.0,0.0,0.0,0.0,0.0,0.0,0.0,0.0,0.0
2023-01-27,0.0,0.0,0.0,0.0,0.0,0.0,0.0,0.0,0.0
2023-01-28,0.0,0.0,0.0,0.0,0.0,0.0,0.0,0.0,0.0
2023-01-29,0.0,0.0,0.0,0.0,0.0,0.0,0.0,0.0,0.0
2023-01-30,0.0,0.0,0.0,0.0,0.0,0.0,0.0,0.0,0.0
2023-01-31,0.0,0.0,0.0,0.0,0.0,0.0,0.0,0.0,0.0
2023-02-01,0.0,0.0,0.0,0.0,0.0,0.0,0.0,0.0,0.0
2023-02-02,0.0,0.0,0.0,0.0,0.0,0.0,0.0,0.0,0.0
2023-02-03,0.0,0.0,0.0,0.0,0.0,0.0,0.0,0.0,0.0
2023-02-04,0.0,0.0,0.0,0.0,0.0,0.0,0.0,0.0,0.0
2023-02-05,0.0,0.0,0.0,0.0,0.0,0.0,0.0,0.0,0.0
2023-02-06,0.0,0.0,0.0,0.0,0.0,0.0,0.0,0.0,0.0
2023-02-07,0.0,0.0,0.0,0.0,0.0,0.0,0.0,0.0,0.0
2023-02-08,0.90961266,1.2566816,2.232215,1.490647,1.472289065,2.232215,1.472289065,1.472289065,1.472289065
2023-02-09,0.98248255,6.8392787,3.8142054,2.9279177,3.6409710875,6.8392787,3.6409710875,5.1132601525000005,5.1132601525000005
2023-02-10,0.7989491,0.0,9.924573,6.215852,4.2348435250000005,9.924573,4.2348435250000005,9.348103677500001,9.348103677500001
2023-02-11,0.0,0.0,1.9473957,1.004853,0.738062175,1.9473957,0.738062175,8.6138767875,10.0861658525
2023-02-12,0.0,0.0,0.0,0.0,0.0,0.0,0.0,4.9729057,10.0861658525
2023-02-13,0.0,0.0,0.20875292,2.908089,0.7792104799999999,2.908089,0.7792104799999999,1.517272655,10.8653763325
2023-02-14,0.0,0.0,0.0,0.0,0.0,0.0,0.0,0.7792104799999999,10.8653763325
2023-02-15,0.0,0.0,0.0,0.0,0.0,0.0,0.0,0.7792104799999999,9.3930872675
2023-02-16,0.0,0.0,0.0,0.0,0.0,0.0,0.0,0.0,5.752116180000001
2023-02-17,0.0,0.0,0.0,0.0,0.0,0.0,0.0,0.0,1.517272655
2023-02-18,0.0,0.0,0.0,0.0,0.0,0.0,0.0,0.0,0.7792104799999999
2023-02-19,0.0,0.0,0.0,0.0,0.0,0.0,0.0,0.0,0.7792104799999999
2023-02-20,1.309584,0.0,1.4024457,1.3357333,1.01194075,1.4024457,1.01194075,1.01194075,1.01194075
2023-02-21,0.0,0.0,2.2062747,1.8103694,1.004161025,2.2062747,1.004161025,2.016101775,2.016101775
2023-02-22,0.38983402,8.088508,0.28985423,0.20724341,2.243859915,8.088508,2.243859915,4.25996169,4.25996169
2023-02-23,0.5185783,37.636288,18.458271,13.982333,17.648867575,37.636288,17.648867575,20.896888515,21.908829265
2023-02-24,0.0,0.0,0.1391686,1.4263722,0.39138520000000004,1.4263722,0.39138520000000004,20.28411269,22.300214465
2023-02-25,0.0,0.0,1.9937049,3.8492458,1.4607376749999998,3.8492458,1.4607376749999998,19.50099045,23.76095214
2023-02-26,0.0,0.0,0.0,2.0830631,0.520765775,2.0830631,0.520765775,2.3728886499999997,24.281717915
2023-02-27,0.16376157,0.0,2.8167174,2.6520681,1.4081367675,2.8167174,1.4081367675,3.3896402175,24.6779139325
2023-02-28,0.0,0.0,0.03479215,0.035849206,0.017660339,0.035849206,0.017660339,1.9465628815000002,23.6914132465
2023-03-01,0.06497233,0.27263683,0.0,0.0,0.08440228999999999,0.27263683,0.08440228999999999,1.5101993965,21.5319556215
2023-03-02,0.0,0.0,1.2750691,2.1100757,0.8462862,2.1100757,0.8462862,0.9483488290000002,4.7293742465
2023-03-03,0.12096585,0.71451485,1.0663162,2.4183488,1.0800364249999999,2.4183488,1.0800364249999999,2.010724915,5.4180254715
2023-03-04,0.0,0.0,0.0,0.0,0.0,0.0,0.0,1.9263226249999998,3.9572877964999997
2023-03-05,0.4185018,0.0,1.8783481,1.2854806,0.895582625,1.8783481,0.895582625,1.9756190499999997,4.3321046465
2023-03-06,1.1671013,0.0,1.4355918,0.20990579,0.7031497225,1.4355918,0.7031497225,1.5987323475,3.6271176014999997
2023-03-07,0.118272245,0.0,0.5681914,0.30229113,0.24718869375000002,0.5681914,0.24718869375000002,1.84592104125,3.85664595625
2023-03-08,0.0,0.0,0.0,0.0,0.0,0.0,0.0,0.9503384162499999,3.7722436662499996
2023-03-09,0.0,0.0,0.0,0.0,0.0,0.0,0.0,0.24718869375000002,2.92595746625
2023-03-10,0.0,0.0,0.0,0.0,0.0,0.0,0.0,0.0,1.84592104125
2023-03-11,0.0,0.0,0.0,2.110472,0.527618,2.110472,0.527618,0.527618,2.37353904125
2023-03-12,0.0,0.0,4.0127473,2.2220356,1.558695725,4.0127473,1.558695725,2.086313725,3.0366521412500003
2023-03-13,0.0,0.0,0.0,0.0,0.0,0.0,0.0,2.086313725,2.33350241875
2023-03-14,5.542569,0.0,7.807825,1.7780138,3.7821019500000004,7.807825,3.7821019500000004,5.340797675000001,5.8684156750000005
2023-03-15,1.9671301,0.0,0.1391686,2.8980317,1.2510826000000002,2.8980317,1.2510826000000002,5.0331845500000005,7.119498275000001
2023-03-16,8.9112215,24.801622,14.002216,10.977027,14.673021624999999,24.801622,14.673021624999999,19.706206175,21.7925199
2023-03-17,0.016555088,0.0,24.590136,16.524612,10.282825772,24.590136,10.282825772,26.206929997,32.075345672
2023-03-18,19.543121,27.836885,8.102706,6.7607074,15.560854849999998,27.836885,15.560854849999998,40.516702247,47.108582522
2023-03-19,18.5669,30.598387,5.043786,7.068406,15.31936975,30.598387,15.31936975,41.163050372,60.869256547
2023-03-20,7.5138464,13.006722,5.1032357,7.490845,8.278662275,13.006722,8.278662275,39.158886875,69.147918822
2023-03-21,14.553906,18.789427,17.430935,12.06641,15.710169500000001,18.789427,15.710169500000001,39.308201525,81.075986372
2023-03-22,8.388636,14.4301815,15.532064,11.217195,12.392019125000001,15.532064,12.392019125000001,36.3808509,92.216922897
2023-03-23,2.1162384,27.878344,23.469841,13.3892,16.71340585,27.878344,16.71340585,44.815594475000005,94.257307122
2023-03-24,2.0926054,0.0,45.84092,29.076445,19.252492599999997,45.84092,19.252492599999997,48.357917575,103.22697395
2023-03-25,2.7267308,6.0768948,13.880139,30.633533,13.3293244,30.633533,13.3293244,49.29522285,100.9954435
2023-03-26,1.2216885,8.725135,1.3479313,4.20545,3.8750511999999997,8.725135,3.8750511999999997,36.456868199999995,89.55112495
2023-03-27,0.0,0.26418284,0.0,0.0,0.06604571,0.26418284,0.06604571,17.27042131,81.33850838500001
2023-03-28,0.0,0.0,0.0,0.0,0.0,0.0,0.0,3.9410969099999997,65.628338885
2023-03-29,0.0,0.0,16.01297,10.232551,6.56138025,16.01297,6.56138025,6.62742596,59.79770001
2023-03-30,0.0,0.0,2.4054523,1.2496643,0.91377915,2.4054523,0.91377915,7.4751594,43.99807331
2023-03-31,0.32486168,0.8820312,0.5811013,2.0406206,0.957153695,2.0406206,0.957153695,8.432313095,25.702734405000005
2023-04-01,13.467615,1.0590785,41.90035,20.653975,19.270254625,41.90035,19.270254625,21.14118747,31.643664630000004
2023-04-02,6.862602,6.959802,9.130966,16.035624,9.7472485,16.035624,9.7472485,29.97465682,37.51586193
2023-04-03,2.0849133,0.41129526,7.1112432,17.01296,6.65510294,17.01296,6.65510294,35.672606065,44.10491916
2023-04-04,0.12994467,0.0,24.399822,18.390326,10.7300231675,24.399822,10.7300231675,27.1323746075,54.8349423275
2023-04-05,0.045489326,0.50682104,8.944699,7.9336185,4.3576569665000005,8.944699,4.3576569665000005,21.742783074000002,52.631219044000005
2023-04-06,0.0,0.0,5.8196354,4.429384,2.56225485,5.8196354,2.56225485,17.649934984,54.279694744000004
2023-04-07,0.0,0.0,30.00588,16.949734,11.7389035,30.00588,11.7389035,18.6588153165,65.06144454900002
2023-04-08,0.0,0.0,0.0,0.0,0.0,0.0,0.0,14.30115835,45.791189924
2023-04-09,0.0,0.0,0.0,0.0,0.0,0.0,0.0,11.7389035,36.043941424
2023-04-10,0.0,0.0,0.03479215,1.1741674,0.30223988749999997,1.1741674,0.30223988749999997,0.30223988749999997,29.691078371500005
2023-04-11,0.0,0.0,24.91878,13.851978,9.6926895,24.91878,9.6926895,9.994929387500001,28.653744704000005
2023-04-12,0.0,0.0,0.0695843,0.0374663,0.02676265,0.0695843,0.02676265,10.021692037500001,24.3228503875
2023-04-13,0.0,0.0,0.0,0.0,0.0,0.0,0.0,9.71945215,21.760595537500002
2023-04-14,0.0,0.0,0.0,0.0,0.0,0.0,0.0,0.02676265,10.021692037500005
2023-04-15,0.0,0.0,0.0,0.0,0.0,0.0,0.0,0.0,10.021692037500005
2023-04-16,0.0,0.0,0.0,0.0,0.0,0.0,0.0,0.0,10.021692037500005
2023-04-17,1.0007652,0.0,3.947745,4.4426675,2.347794425,4.4426675,2.347794425,2.347794425,12.067246575000004
2023-04-18,0.0,0.0,2.2607665,1.1845022,0.8613171749999999,2.2607665,0.8613171749999999,3.2091116,3.2358742500000037
2023-04-19,0.0,0.0,0.1391686,2.8706226,0.7524478,2.8706226,0.7524478,3.9615594,3.9615594000000036
2023-04-20,7.070316,0.60816824,2.9799278,6.8352904,4.37342561,7.070316,4.37342561,5.9871905850000005,8.334985010000004
2023-04-21,7.4705276,2.028514,14.009498,32.37146,13.9699999,32.37146,13.9699999,19.09587331,22.30498491
2023-04-22,8.577774,5.698127,8.382036,7.103569,7.4403765,8.577774,7.4403765,25.783802010000002,29.745361410000005
2023-04-23,12.942596,18.395966,16.36891,12.923756,15.157807,18.395966,15.157807,36.568183399999995,44.903168410000006
2023-04-24,0.0,0.0,0.0695843,2.0383034,0.526971925,2.0383034,0.526971925,23.125155425000003,43.08234591
2023-04-25,0.0,0.0,0.0,0.0,0.0,0.0,0.0,15.684778925000002,42.221028735000004
2023-04-26,0.0,0.0,0.17396076,2.9167647,0.772681365,2.9167647,0.772681365,1.29965329,42.2412623
2023-04-27,0.09097865,12.559388,16.119781,13.113162,10.4708274125,16.119781,10.4708274125,11.2435087775,48.338664102500005
2023-04-28,0.0,3.77573,2.3462744,10.445421,4.141856349999999,10.445421,4.141856349999999,15.3853651275,38.5105205525
2023-04-29,0.0,45.725456,50.03855,30.752333,31.629084749999997,50.03855,31.629084749999997,46.241768512499995,62.6992288025
2023-04-30,2.7649994,1.3187,9.870486,7.8113275,5.441378225,9.870486,5.441378225,41.212319324999996,52.9828000275
2023-05-01,23.329203,53.05276,2.4671566,20.460346,24.8273664,53.05276,24.8273664,61.897829375,77.2831945025
2023-05-02,14.173838,32.848934,5.5110555,15.962399,17.124056625,32.848934,17.124056625,47.392801250000005,94.4072511275
2023-05-03,0.0,0.0,0.6077563,0.37103778,0.24469852,0.6077563,0.24469852,42.196121545,93.8792682825
2023-05-04,0.17729762,6.109559,5.013266,4.7002153,4.00008448,6.109559,4.00008448,21.368839625,87.40852535
2023-05-05,1.3697702,2.0155394,2.8183064,2.3774009,2.145254225,2.8183064,2.145254225,6.390037225,85.41192322500001
2023-05-06,0.0,0.0,39.021534,15.985416,13.7517375,39.021534,13.7517375,19.897076205,67.534575975
2023-05-07,0.0,0.0,22.407879,9.981994,8.09746825,22.407879,8.09746825,23.994459975,70.19066600000001
2023-05-08,3.3249946,14.563739,14.902214,11.830706,11.1554134,14.902214,11.1554134,33.00461915,56.518713000000005
2023-05-09,0.0,1.1360601,28.932339,19.708445,12.444211025000001,28.932339,12.444211025000001,31.697092675,51.838867400000005
2023-05-10,0.0,0.0,8.574528,3.5210764,3.0239011000000002,8.574528,3.0239011000000002,26.623525525,54.61806998000001
2023-05-11,0.0,0.0,0.22902143,0.09450634,0.0808819425,0.22902143,0.0808819425,15.5489940675,50.69886744250001
2023-05-12,0.0,0.0,0.0,0.0,0.0,0.0,0.0,3.1047830425000003,48.55361321750001
2023-05-13,0.0,0.0,0.0,0.0,0.0,0.0,0.0,0.0808819425,34.80187571750001
2023-05-14,0.0,0.0,0.0,0.0,0.0,0.0,0.0,0.0,26.704407467500005
2023-05-15,0.29358333,0.0,3.6358902,1.0287479,1.2395553575,3.6358902,1.2395553575,1.2395553575,16.788549425000006
2023-05-16,0.09771841,8.811517,12.149779,12.298528,8.3393856025,12.298528,8.3393856025,9.57894096,12.683724002500004
2023-05-17,17.785456,11.379494,4.8635244,5.2228208,9.8128238,17.785456,9.8128238,19.39176476,19.472646702500004
2023-05-18,1.9865718,6.6159487,10.065687,9.2384615,6.97666725,10.065687,6.97666725,25.128876652500004,26.368432010000006
2023-05-19,26.69904,42.19622,16.845005,33.201946,29.735552749999997,42.19622,29.735552749999997,46.5250438,56.10398476
2023-05-20,6.435477,27.328867,6.1327443,14.144687,13.510443825,27.328867,13.510443825,50.222663825,69.614428585
2023-05-21,1.1678991,0.0,20.008524,9.207513,7.595984025,20.008524,7.595984025,50.8419806,77.21041261
2023-05-22,3.5938067,9.5020275,0.0,3.5993097,4.173785975,9.5020275,4.173785975,25.280213825,80.14464322750001
2023-05-23,0.0,0.30555204,0.0,0.0,0.07638801,0.30555204,0.07638801,11.84615801,71.88164563500001
2023-05-24,0.30924132,59.75186,2.1553073,35.12744,24.335962154999997,59.75186,24.335962154999997,28.586136139999997,86.40478399
2023-05-25,0.63559777,6.6059847,12.709051,12.891268,8.210475367499999,12.891268,8.210475367499999,32.622825532499995,87.63859210749999
2023-05-26,37.70648,59.193924,13.742943,29.148605,34.947988,59.193924,34.947988,67.4944255225,92.85102735750002
2023-05-27,31.409027,22.064245,21.565762,18.72492,23.440988499999996,31.409027,23.440988499999996,66.5994518675,102.78157203250001
2023-05-28,3.2151136,17.972578,11.721239,19.280334,13.04731615,19.280334,13.04731615,71.43629265,108.2329041575
2023-05-29,0.0,0.0,2.0477276,0.12083837,0.5421414925,2.0477276,0.5421414925,37.0304461425,104.601259675
2023-05-30,0.0,0.0,0.0,0.0,0.0,0.0,0.0,13.589457642500001,104.52487166499999
2023-05-31,0.0,0.0,0.0,0.0,0.0,0.0,0.0,0.5421414925,80.18890951
2023-06-01,28.029627,15.572552,10.960696,7.3794208,15.48557395,28.029627,15.48557395,15.48557395,87.46400809250001
2023-06-02,20.759535,0.0,14.895623,2.159775,9.453733249999999,20.759535,9.453733249999999,24.9393072,61.9697533425
2023-06-03,0.0,0.0,7.467849,5.567405,3.2588135,7.467849,3.2588135,28.198120699999997,41.787578342500005
2023-06-04,13.433421,0.7051656,1.169063,0.30686864,3.9036295599999997,13.433421,3.9036295599999997,16.61617631,32.643891752500004
2023-06-05,0.0,13.57394,0.0,5.2931023,4.716760575,13.57394,4.716760575,11.879203635,36.818510835000005
2023-06-06,0.018348346,0.49780756,0.0,0.0,0.12903897649999999,0.49780756,0.12903897649999999,8.7494291115,36.947549811500004
2023-06-07,0.0,0.0,0.0,2.6790123,0.669753075,2.6790123,0.669753075,5.5155526265,37.617302886500006
2023-06-08,3.1008704,3.0810304,0.0,2.358997,2.13522445,3.1008704,2.13522445,2.9340165015,24.266953386500006
2023-06-09,3.4806662,5.548345,2.8594072,3.2334962,3.7804786499999996,5.548345,3.7804786499999996,6.585456174999999,18.593698786500006
2023-06-10,0.0,0.0,0.0,0.0,0.0,0.0,0.0,5.9157031,15.334885286500006
2023-06-11,0.5504503,0.0,0.019745445,0.013166015,0.14584044,0.5504503,0.14584044,3.92631909,11.577096166500008
2023-06-12,62.53798,41.800846,34.31013,39.38056,44.507379,62.53798,44.507379,44.65321944,51.367714591500004
2023-06-13,5.807001,23.386353,18.8943,20.231754,17.079852,23.386353,17.079852,61.73307144,68.31852761500001
2023-06-14,34.563366,8.635488,17.94937,23.292093,21.11007925,34.563366,21.11007925,82.69731025,88.75885379
2023-06-15,25.252104,17.249977,20.356798,13.1325655,18.997861125,25.252104,18.997861125,57.187792375,105.62149046500001
2023-06-16,25.033062,32.872913,42.496452,39.895657,35.074521,42.496452,35.074521,75.18246137499999,136.915532815
2023-06-17,24.294172,50.90815,12.66093,21.587475,27.362681749999997,50.90815,27.362681749999997,81.43506387499998,164.27821456499998
2023-06-18,76.32947,47.351677,33.700756,41.266075,49.661994500000006,76.32947,49.661994500000006,112.09919724999999,213.794368625
2023-06-19,88.97714,57.535683,24.736042,32.554756,50.95090525,88.97714,50.95090525,127.9755815,220.237894875
2023-06-20,13.278296,22.175566,7.0719967,15.760269,14.571531925,22.175566,14.571531925,115.184431675,217.7295748
2023-06-21,44.905308,28.433203,17.385452,20.793068,27.87925775,44.905308,27.87925775,93.401694925,224.4987533
2023-06-22,3.8338368,45.191467,15.188552,24.499989,22.1784612,45.191467,22.1784612,64.629250875,227.679353375
2023-06-23,53.213417,14.749213,0.2440025,10.591249,19.699470375,53.213417,19.699470375,69.757189325,212.30430274999998
2023-06-24,1.1301568,21.131216,0.8735287,11.284562,8.604865875,21.131216,8.604865875,50.48279745,193.546486875
2023-06-25,28.551195,12.041383,1.250447,5.088763,11.732947000000001,28.551195,11.732947000000001,40.03728325,155.617439375
2023-06-26,27.872423,34.65142,23.241661,17.251385,25.754222249999998,34.65142,25.754222249999998,46.092035124999995,130.420756375
2023-06-27,39.352203,65.414055,13.239953,38.417038,39.10581225,65.414055,39.10581225,76.5929815,154.9550367
2023-06-28,33.243126,59.68705,61.436924,75.955124,57.580556,75.955124,57.580556,122.4405905,184.65633495
2023-06-29,49.28769,18.076357,45.399914,42.954346,38.929576749999995,49.28769,38.929576749999995,135.615945,201.4074505
2023-06-30,26.561798,32.347168,9.852324,32.29604,25.264332500000002,32.347168,25.264332500000002,121.77446524999999,206.972312625
2023-07-01,7.1103215,11.859779,1.7612356,8.984122,7.428864525,11.859779,7.428864525,71.622773775,205.796311275
2023-07-02,7.6754055,73.19586,26.334665,47.98491,38.797710124999995,73.19586,38.797710124999995,71.49090715,232.86107439999998
2023-07-03,6.1760006,77.808685,7.0274186,32.70325,30.92883855,77.808685,30.92883855,77.1554132,238.0356907
2023-07-04,47.853542,40.98675,43.425766,54.237595,46.62591325,54.237595,46.62591325,116.352461925,245.5557917
2023-07-05,21.96637,34.061443,3.9863555,24.977837,21.248001375,34.061443,21.248001375,98.80275317499999,209.223237075
2023-07-06,1.0396992,52.98196,1.5769658,26.1977,20.44908125,52.98196,20.44908125,88.322995875,190.742741575
2023-07-07,96.961655,40.952892,38.562843,48.44484,56.2305575,96.961655,56.2305575,97.92764012500001,221.708966575
2023-07-08,10.663291,82.65155,19.760738,53.129387,41.5512415,82.65155,41.5512415,118.23088025000001,255.83134355
2023-07-09,0.6238437,24.452763,0.66759104,10.582997,9.081798685,24.452763,9.081798685,106.863597685,226.11543211
2023-07-10,8.300932,21.24551,1.1671814,13.49649,11.05252835,21.24551,11.05252835,61.685568535,206.23912191000002
2023-07-11,2.480912,5.590232,0.9966329,2.7877407,2.9638794,5.590232,2.9638794,23.098206435,162.57708806
2023-07-12,13.469628,17.916313,2.7276409,7.205436,10.329754475,17.916313,10.329754475,24.346162225,151.65884115999998
2023-07-13,89.70412,112.164696,12.513957,57.53888,67.98041325,112.164696,67.98041325,81.274047125,199.19017316000003
2023-07-14,113.40688,102.20182,61.34651,68.992874,86.487021,113.40688,86.487021,164.797188725,229.44663666000002
2023-07-15,23.232843,21.139717,10.968396,18.325117,18.41651825,23.232843,18.41651825,172.8839525,206.31191341000002
2023-07-16,1.8022419,8.32535,7.7275357,5.474191,5.83232965,8.32535,5.83232965,110.7358689,203.062444375
2023-07-17,1.3328447,19.390543,3.1769989,10.124463,8.5062124,19.390543,8.5062124,32.7550603,200.516128425
2023-07-18,10.901315,25.028618,20.59885,29.694408,21.55579775,29.694408,21.55579775,35.8943398,219.108046775
2023-07-19,0.0,0.0,0.29055056,0.839357,0.28247689,0.839357,0.28247689,30.344487040000004,209.06076919
2023-07-20,0.0,0.0,0.05923634,0.039498046,0.024683596500000002,0.05923634,0.024683596500000002,21.8629582365,141.10503953650002
2023-07-21,1.3509839,50.503426,5.0152755,25.731527,20.650303100000002,50.503426,20.650303100000002,20.9574635865,75.2683216365
2023-07-22,19.493893,13.50569,17.051062,14.722663,16.193327,19.493893,16.193327,36.868313696499996,73.0451303865
2023-07-23,0.14678676,16.829018,13.579052,15.833769,11.597156440000001,16.829018,11.597156440000001,48.440786540000005,78.8099571765
2023-07-24,6.3543143,9.057078,3.7844872,5.4799767,6.16896405,9.057078,6.16896405,33.95944749,76.47270882650001
2023-07-25,19.486393,64.62057,33.8492,52.231018,42.54679525,64.62057,42.54679525,60.31291574000001,97.4637063265
2023-07-26,30.935383,23.063635,29.767271,23.841885,26.9020435,30.935383,26.9020435,75.6178028,124.08327293650001
2023-07-27,10.644281,17.66622,0.602175,7.2585063,9.042795575,17.66622,9.042795575,78.491634325,133.101384915
2023-07-28,12.240335,11.440051,3.2881043,6.2990336,8.316880975,12.240335,8.316880975,44.26172005000001,120.76796279000001
2023-07-29,0.22018015,29.16679,3.8978848,17.771103,12.763989487499998,29.16679,12.763989487499998,30.123666037500005,117.3386252775
2023-07-30,10.590317,22.175505,13.887885,20.787691,16.860349499999998,22.175505,16.860349499999998,37.9412199625,122.60181833749999
2023-07-31,0.0,2.1623502,5.465343,4.265058,2.9731878,5.465343,2.9731878,32.5975267875,119.4060420875
2023-08-01,1.7117845,0.0,10.635062,5.871985,4.554707875,10.635062,4.554707875,24.388245175000005,81.4139547125
2023-08-02,50.341698,155.93419,36.349594,74.61255,79.309508,155.93419,79.309508,86.837403675,133.8214192125
2023-08-03,9.5734215,16.99537,24.517084,36.155624,21.810374875,36.155624,21.810374875,105.67459075,146.58899851249998
2023-08-04,18.605112,14.390579,2.7881603,7.811362,10.898803325000001,18.605112,10.898803325000001,112.0186862,149.1709208625
2023-08-05,21.291979,46.798996,10.886278,23.355844,25.583274250000002,46.798996,25.583274250000002,58.29245245000002,161.990205625
2023-08-06,2.5065408,12.586008,1.9265212,7.3288274,6.08697435,12.586008,6.08697435,42.56905192500002,151.21683047500002
2023-08-07,3.874805,12.379863,9.928697,13.230681,9.8535115,13.230681,9.8535115,41.52376010000002,158.09715417500001
2023-08-08,6.812482,16.516247,8.937808,17.396605,12.4157855,17.396605,12.4157855,28.356271350000014,165.95823180000002
2023-08-09,66.06887,71.78832,54.653873,65.73127,64.56058325000001,71.78832,64.56058325000001,86.82988025000003,151.20930705
2023-08-10,9.271976,17.638563,11.57349,20.217205,14.6753085,20.217205,14.6753085,91.65167725000003,144.074240675
2023-08-11,9.525074,17.01762,4.07261,16.23676,11.713016,17.01762,11.713016,90.94890775000003,144.88845335000002
2023-08-12,17.642857,62.53955,19.400105,42.11057,35.4232705,62.53955,35.4232705,61.811595000000025,154.7284496
2023-08-13,52.323193,30.170727,29.7505,23.459925,33.92608625,52.323193,33.92608625,81.06237275000002,182.5675615
2023-08-14,46.85812,45.25063,33.71763,40.887707,41.67852175,46.85812,41.67852175,111.02787850000003,214.39257175
2023-08-15,0.0,0.02923169,1.7607846,4.586834,1.5942125725,4.586834,1.5942125725,77.19882057250003,203.57099882250003
2023-08-16,15.059216,13.198911,0.8226779,6.311246,8.848012725,15.059216,8.848012725,52.12074704750003,147.8584282975
2023-08-17,6.118072,0.2857379,10.924117,8.5449505,6.46821935,10.924117,6.46821935,16.91044464750003,139.6513391475
2023-08-18,6.3035674,3.7102103,50.083374,25.766224,21.465843925,50.083374,21.465843925,36.78207600000003,149.4041670725
2023-08-19,7.9679036,49.574657,22.036154,34.055374,28.40852215,49.574657,28.40852215,56.34258542500003,142.3894187225
2023-08-20,13.030594,21.109726,1.1405796,10.410264,11.4227909,21.109726,11.4227909,61.297156975000036,119.88612337250002
2023-08-21,43.345432,29.66138,21.750607,18.392168,28.28739675,43.345432,28.28739675,68.11870980000003,106.49499837250002
2023-08-22,6.598753,3.1081333,8.491561,9.899721,7.024542075,9.899721,7.024542075,46.73472972500004,111.92532787500002
2023-08-23,62.330975,15.929572,11.913228,10.191426,25.091300250000003,62.330975,25.091300250000003,60.40323907500004,128.16861540000002
2023-08-24,48.70688,24.862434,18.915993,22.104343,28.647412499999998,48.70688,28.647412499999998,60.76325482500003,150.34780855000002
2023-08-25,104.75963,88.898094,55.940697,67.508804,79.27680624999999,104.75963,79.27680624999999,133.01551900000004,208.15877087500002
2023-08-26,51.05987,15.7951355,16.14653,13.588952,24.147621875000002,51.05987,24.147621875000002,132.07184062500002,203.8978706
2023-08-27,1.13166,10.735459,3.6947162,6.382133,5.48599205,10.735459,5.48599205,108.91042017500003,197.96107175
2023-08-28,29.772083,182.65811,3.1282303,67.785576,70.835999825,182.65811,70.835999825,100.46961375000004,240.509674825
2023-08-29,40.83827,6.8526597,7.709494,9.495199,16.223905674999997,40.83827,16.223905674999997,92.54589755000003,249.70903842500002
2023-08-30,10.9610615,14.646374,0.6121088,7.875418,8.523740575000001,14.646374,8.523740575000001,95.58364607500003,233.14147875
2023-08-31,0.0,12.849997,0.44100595,6.389615,4.9201544875,12.849997,4.9201544875,29.667800737500027,209.41422073750002
2023-09-01,0.27522516,0.0,0.0,0.0,0.06880629,0.27522516,0.06880629,13.512701352500029,130.20622077750002
2023-09-02,0.03669669,3.0202131,0.32088795,2.5261705,1.4759920599999998,3.0202131,1.4759920599999998,6.464952837500028,107.53459096250002
2023-09-03,11.884037,6.950881,10.739353,10.649795,10.056016499999998,11.884037,10.056016499999998,11.600814850000027,112.10461541250001
2023-09-04,0.0,17.905067,7.684705,13.208316,9.699522,17.905067,9.699522,21.231530560000028,50.96813758750001
2023-09-05,0.0,0.0,1.6298157,0.98415357,0.6534923175,1.6298157,0.6534923175,20.409030817500028,35.397724230000016
2023-09-06,0.0,0.0,0.5687417,0.16971336,0.184613765,0.5687417,0.184613765,10.53762808250003,27.058597420000012
2023-09-07,0.0,0.0,1.1083773,0.6470172,0.438848625,1.1083773,0.438848625,1.2769547075000303,22.577291557500015
2023-09-08,5.4573236,9.685043,5.9320245,9.928393,7.750696025,9.928393,7.750696025,8.37415841500003,30.25918129250001
2023-09-09,57.286076,64.76687,26.02403,48.28261,49.0898965,64.76687,49.0898965,57.27944115000003,77.87308573250002
2023-09-10,0.78345966,0.0,4.7314196,5.8878255,2.8506761899999997,5.8878255,2.8506761899999997,59.691268715000035,70.6677454225
2023-09-11,0.0,11.130631,1.6779513,5.1847677,4.4983375,11.130631,4.4983375,56.43891019000003,65.46656092250001
2023-09-12,5.22091,26.202236,13.812414,21.723614,16.7397935,26.202236,16.7397935,24.08880719000003,81.55286210500002
2023-09-13,0.0,12.219882,0.59440196,4.949233,4.44087924,12.219882,4.44087924,25.679010240000032,85.80912758000001
2023-09-14,1.0507495,0.3251181,9.528223,9.823013,5.1817759,9.823013,5.1817759,26.36244864000003,90.55205485500001
2023-09-15,14.717077,3.7394397,0.7756789,1.3330158,5.141302850000001,14.717077,5.141302850000001,14.76395799000003,87.94266168000001
2023-09-16,0.0,1.9908446,0.0,0.7763217,0.691791575,1.9908446,0.691791575,11.014870325000029,39.54455675500001
2023-09-17,0.0,0.0,0.11847268,0.07899609,0.049367192500000004,0.11847268,0.049367192500000004,5.882461617500029,36.74324775750001
2023-09-18,0.0,2.0813375,0.9261589,20.86876,5.969064100000001,20.86876,5.969064100000001,6.710222867500029,38.21397435750001
2023-09-19,0.0,0.0,11.206853,5.5502896,4.18928565,11.206853,4.18928565,10.20771694250003,25.663466507500008
2023-09-20,8.703649,44.0763,16.408104,26.775364,23.990854249999998,44.0763,23.990854249999998,34.149204000000026,45.2134415175
2023-09-21,69.686226,79.1394,15.625204,38.98888,50.8599275,79.1394,50.8599275,79.04006740000003,90.89159311750001
2023-09-22,10.974073,5.07346,15.978429,8.064002,10.022491,15.978429,10.022491,84.87327275000003,95.7727812675
2023-09-23,79.130745,37.132885,31.472874,30.868923,44.65135675,79.130745,44.65135675,105.53377525000002,139.7323464425
2023-09-24,84.04239,26.86649,24.008646,28.557194,40.868680000000005,84.04239,40.868680000000005,95.54252775000003,180.55165925
2023-09-25,23.954462,7.978732,4.920488,4.9761825,10.457466125,23.954462,10.457466125,95.97750287500003,185.040061275
2023-09-26,0.0,0.0,0.0,0.0,0.0,0.0,0.0,51.32614612500004,180.85077562499998
2023-09-27,0.0,13.84542,0.9910018,6.3039584,5.28509505,13.84542,5.28509505,15.742561175000027,162.14501642500002
2023-09-28,0.0,0.0,0.05923634,2.2720082,0.582811135,2.2720082,0.582811135,5.867906185000028,111.86790006000001
2023-09-29,0.0,0.0,7.9183583,12.576474,5.123708075,12.576474,5.123708075,10.991614260000027,106.969117135
2023-09-30,0.0,0.0,0.0,0.0,0.0,0.0,0.0,5.706519210000028,62.317760385000014
2023-10-01,3.5342867,5.4224224,3.69429,3.3090596,3.9900146750000003,5.4224224,3.9900146750000003,9.11372275000003,25.439095060000007
2023-10-02,14.664631,12.173055,6.547301,8.7396755,10.531165625,14.664631,10.531165625,14.52118030000003,25.512794560000007
2023-10-03,29.246462,17.479136,12.063617,30.829798,22.404753250000002,30.829798,22.404753250000002,36.92593355000003,47.91754781000001
2023-10-04,64.2281,70.290276,79.50292,77.837425,72.96468025,79.50292,72.96468025,105.90059912500004,115.59713301000001
2023-10-05,81.452934,25.291481,27.044548,26.572212,40.09029375,81.452934,40.09029375,135.45972725000001,155.104615625
2023-10-06,22.224848,3.0209248,8.378994,6.7224503,10.086804275,22.224848,10.086804275,123.14177827500004,160.067711825
2023-10-07,0.6906428,0.0,3.1706064,3.1097183,1.742741875,3.1706064,1.742741875,51.919839900000014,161.8104537
2023-10-08,2.5747547,61.818584,7.865302,31.21303,25.867917675,61.818584,25.867917675,37.697463825000014,183.6883567
2023-10-09,7.1090164,3.6882122,19.432451,12.074637,10.57607915,19.432451,10.57607915,38.186738700000014,183.733270225
2023-10-10,6.119047,0.0,0.13664736,0.0,1.56392359,6.119047,1.56392359,38.007920415000015,162.89244056500002
2023-10-11,0.0,6.4249983,0.33655003,2.5999084,2.3403641825,6.4249983,2.3403641825,14.480366922500014,92.2681244975
2023-10-12,9.110864,9.508088,0.0,3.2464364,5.4663471,9.508088,5.4663471,9.370634872500014,57.6441778475
2023-10-13,0.03669669,0.5739203,3.8330836,5.423274,2.4667436475000004,5.423274,2.4667436475000004,10.273454930000014,50.02411722
2023-10-14,0.0,9.139788,4.5584207,15.271173,7.242345425,15.271173,7.242345425,15.175436172500014,55.523720770000004
2023-10-15,0.0,4.4820366,1.0014035,4.814257,2.5744242749999997,4.814257,2.5744242749999997,12.283513347500014,32.23022737
2023-10-16,0.0,0.0,0.0,0.0,0.0,0.0,0.0,9.816769700000012,21.654148220000003
2023-10-17,0.0,0.0,0.0,0.0,0.0,0.0,0.0,2.574424275000014,20.09022463
2023-10-18,0.0,0.0,0.098727226,0.065830074,0.041139325000000004,0.098727226,0.041139325000000004,0.041139325000014215,17.7909997725
2023-10-19,0.0,0.35415268,0.0,0.0,0.08853817,0.35415268,0.08853817,0.12967749500001421,12.4131908425
2023-10-20,0.23852848,10.225702,0.26837948,4.028141,3.69018774,10.225702,3.69018774,3.819865235000014,13.636634935
2023-10-21,0.0,0.0,0.0,0.0,0.0,0.0,0.0,3.778725910000014,6.39428951
2023-10-22,0.0,0.0,0.0,0.0,0.0,0.0,0.0,3.690187740000014,3.819865235
2023-10-23,0.0,0.0,0.0,0.0,0.0,0.0,0.0,0.0,3.819865235
2023-10-24,0.0,0.0,0.0,0.0,0.0,0.0,0.0,0.0,3.819865235
2023-10-25,0.0,0.0,0.0,0.0,0.0,0.0,0.0,0.0,3.77872591
2023-10-26,0.0,0.0,0.0,0.0,0.0,0.0,0.0,0.0,3.69018774
2023-10-27,0.0,0.0,0.0,0.0,0.0,0.0,0.0,0.0,0.0
2023-10-28,0.0,2.0813375,0.0,0.8116091,0.72323665,2.0813375,0.72323665,0.7232366500000142,0.72323665
2023-10-29,0.0,0.0,0.0,0.0,0.0,0.0,0.0,0.7232366500000142,0.72323665
2023-10-30,0.0,0.0,0.0,0.0,0.0,0.0,0.0,0.7232366500000142,0.72323665
2023-10-31,0.0,0.0,0.0,0.0,0.0,0.0,0.0,0.0,0.72323665
2023-11-01,0.0,0.0,0.0,0.0,0.0,0.0,0.0,0.0,0.72323665
2023-11-02,0.0,0.0,0.0,0.0,0.0,0.0,0.0,0.0,0.72323665
2023-11-03,0.0,0.0,0.0,0.0,0.0,0.0,0.0,0.0,0.72323665
2023-11-04,0.0,0.0,0.030223204,10.873288,2.725877801,10.873288,2.725877801,2.7258778010000144,2.725877801
2023-11-05,0.23654449,0.0,0.24381255,0.0,0.12008926,0.24381255,0.12008926,2.8459670610000143,2.845967061
2023-11-06,0.0,0.0,0.0,0.0,0.0,0.0,0.0,2.8459670610000143,2.845967061
2023-11-07,0.0,0.0,0.0,0.0,0.0,0.0,0.0,0.12008926000001421,2.845967061
2023-11-08,0.0,0.0,0.0,0.0,0.0,0.0,0.0,0.0,2.845967061
2023-11-09,0.0,0.0,0.0,0.0,0.0,0.0,0.0,0.0,2.845967061
2023-11-10,0.0,0.0,0.0,0.0,0.0,0.0,0.0,0.0,2.845967061
2023-11-11,0.0,0.0,0.0,0.0,0.0,0.0,0.0,0.0,0.12008926
2023-11-12,0.0,0.0,0.0,0.0,0.0,0.0,0.0,0.0,0.0
2023-11-13,0.0,0.0,0.0,0.0,0.0,0.0,0.0,0.0,0.0
2023-11-14,0.0,0.0,0.0,0.0,0.0,0.0,0.0,0.0,0.0
2023-11-15,0.0,0.0,0.0,0.0,0.0,0.0,0.0,0.0,0.0
2023-11-16,0.0,0.0,0.0,0.0,0.0,0.0,0.0,0.0,0.0
2023-11-17,0.0,0.0,0.0,0.0,0.0,0.0,0.0,0.0,0.0
2023-11-18,0.0,0.0,0.0,0.0,0.0,0.0,0.0,0.0,0.0
2023-11-19,0.0,0.0,0.0,0.0,0.0,0.0,0.0,0.0,0.0
2023-11-20,0.0,0.0,0.0,0.0,0.0,0.0,0.0,0.0,0.0
2023-11-21,0.0,0.0,0.0,0.0,0.0,0.0,0.0,0.0,0.0
2023-11-22,0.0,0.0,0.0,0.0,0.0,0.0,0.0,0.0,0.0
2023-11-23,0.0,0.0,0.0,0.0,0.0,0.0,0.0,0.0,0.0
2023-11-24,0.0,0.0,0.0,0.0,0.0,0.0,0.0,0.0,0.0
2023-11-25,0.0,0.0,0.0,0.0,0.0,0.0,0.0,0.0,0.0
2023-11-26,0.0,0.0,0.0,0.0,0.0,0.0,0.0,0.0,0.0
2023-11-27,0.0,0.0,0.0,0.0,0.0,0.0,0.0,0.0,0.0
2023-11-28,0.0,0.0,0.0,0.0,0.0,0.0,0.0,0.0,0.0
2023-11-29,0.0,0.0,0.0,0.0,0.0,0.0,0.0,0.0,0.0
2023-11-30,0.0,0.0,0.0,0.0,0.0,0.0,0.0,0.0,0.0
2023-12-01,0.0,0.0,0.0,0.0,0.0,0.0,0.0,0.0,0.0
2023-12-02,0.0,0.0,0.0,0.0,0.0,0.0,0.0,0.0,0.0
2023-12-03,0.0,0.0,0.0,0.0,0.0,0.0,0.0,0.0,0.0
2023-12-04,0.0,0.0,0.0,0.0,0.0,0.0,0.0,0.0,0.0
2023-12-05,0.0,0.0,0.0,0.0,0.0,0.0,0.0,0.0,0.0
2023-12-06,0.0,0.0,0.0,0.0,0.0,0.0,0.0,0.0,0.0
2023-12-07,0.0,0.0,0.0,0.0,0.0,0.0,0.0,0.0,0.0
2023-12-08,2.892759,2.3174753,4.6130834,3.732192,3.388877425,4.6130834,3.388877425,3.388877425000014,3.388877425
2023-12-09,0.0,0.0,0.15233243,0.21269324,0.09125641749999999,0.21269324,0.09125641749999999,3.480133842500014,3.4801338425
2023-12-10,0.0,0.0,0.0,0.0,0.0,0.0,0.0,3.480133842500014,3.4801338425
2023-12-11,0.0,0.0,0.0,0.0,0.0,0.0,0.0,0.0912564175000142,3.4801338425
2023-12-12,0.0,0.0,0.0,0.0,0.0,0.0,0.0,0.0,3.4801338425
2023-12-13,0.0,0.9533362,0.0,0.0,0.23833405,0.9533362,0.23833405,0.2383340500000142,3.7184678925
2023-12-14,0.64972335,2.9036713,0.5159372,0.5347596,1.1510228625,2.9036713,1.1510228625,1.3893569125000143,4.869490755
2023-12-15,0.19491701,0.0,0.0,0.0,0.0487292525,0.19491701,0.0487292525,1.4380861650000143,1.5293425825000002
2023-12-16,0.19491701,0.0,0.0,0.0,0.0487292525,0.19491701,0.0487292525,1.2484813675000144,1.4868154175000003
2023-12-17,0.0,0.0,0.0,0.0,0.0,0.0,0.0,0.09745850500001421,1.4868154175000003
2023-12-18,0.0,0.0,0.0,0.0,0.0,0.0,0.0,0.04872925250001421,1.4868154175000003
2023-12-19,0.0,0.0,0.0,0.0,0.0,0.0,0.0,0.0,1.4868154175000003
2023-12-20,0.0,0.0,0.0,0.0,0.0,0.0,0.0,0.0,1.2484813675000002
2023-12-21,0.0,0.0,0.0,0.0,0.0,0.0,0.0,0.0,0.097458505
2023-12-22,0.0,0.0,0.0,0.0,0.0,0.0,0.0,0.0,0.0487292525
2023-12-23,0.0,0.0,0.0,0.0,0.0,0.0,0.0,0.0,0.0
2023-12-24,0.0,0.0,0.2199544,0.083309926,0.0758160815,0.2199544,0.0758160815,0.0758160815000142,0.0758160815
2023-12-25,0.0,0.0,0.0,0.0,0.0,0.0,0.0,0.0758160815000142,0.0758160815
2023-12-26,0.0,0.0,0.0,0.0,0.0,0.0,0.0,0.0758160815000142,0.0758160815
2023-12-27,0.0,0.0,0.0,0.0,0.0,0.0,0.0,0.0,0.0758160815
2023-12-28,0.0,0.0,0.0,0.0,0.0,0.0,0.0,0.0,0.0758160815
2023-12-29,0.0,0.0,0.0,0.0,0.0,0.0,0.0,0.0,0.0758160815
2023-12-30,0.0,0.0,0.0,0.0,0.0,0.0,0.0,0.0,0.0758160815
2023-12-31,0.0,0.0,0.0,0.0,0.0,0.0,0.0,0.0,0.0
2024-01-01,0.0,0.0,0.0,0.0,0.0,0.0,0.0,0.0,0.0
2024-01-02,0.0,0.0,0.0,0.0,0.0,0.0,0.0,0.0,0.0
2024-01-03,0.0,0.0,0.0,0.0,0.0,0.0,0.0,0.0,0.0
2024-01-04,0.0,0.0,0.0,0.0,0.0,0.0,0.0,0.0,0.0
2024-01-05,0.0,0.0,0.0,0.0,0.0,0.0,0.0,0.0,0.0
2024-01-06,0.0,0.0,0.0,0.0,0.0,0.0,0.0,0.0,0.0
2024-01-07,0.0,0.0,0.0,0.0,0.0,0.0,0.0,0.0,0.0
2024-01-08,0.0,0.0,0.0,0.0,0.0,0.0,0.0,0.0,0.0
2024-01-09,0.0,0.0,0.0,0.0,0.0,0.0,0.0,0.0,0.0
2024-01-10,0.0,0.0,0.0,0.0,0.0,0.0,0.0,0.0,0.0
2024-01-11,0.0,0.0,0.0,0.0,0.0,0.0,0.0,0.0,0.0
2024-01-12,0.0,0.0,0.0,0.0,0.0,0.0,0.0,0.0,0.0
2024-01-13,0.0,0.0,0.0,0.0,0.0,0.0,0.0,0.0,0.0
2024-01-14,0.0,0.0,0.0,0.0,0.0,0.0,0.0,0.0,0.0
2024-01-15,0.0,0.0,0.0,0.0,0.0,0.0,0.0,0.0,0.0
2024-01-16,0.0,0.0,0.0,0.0,0.0,0.0,0.0,0.0,0.0
2024-01-17,0.0,0.0,0.0,0.0,0.0,0.0,0.0,0.0,0.0
2024-01-18,0.0,0.0,1.2550786,1.0174248,0.5681258499999999,1.2550786,0.5681258499999999,0.5681258500000141,0.5681258499999999
2024-01-19,0.0,0.0,0.0,0.0,0.0,0.0,0.0,0.5681258500000141,0.5681258499999999
2024-01-20,0.0,0.0,0.0,0.0,0.0,0.0,0.0,0.5681258500000141,0.5681258499999999
2024-01-21,0.0,0.38391247,0.0,0.0,0.0959781175,0.38391247,0.0959781175,0.09597811750001421,0.6641039674999999
2024-01-22,0.0,0.0,0.736188,0.7768534,0.37826035,0.7768534,0.37826035,0.47423846750001425,1.0423643175
2024-01-23,0.0,0.0,0.0,0.0,0.0,0.0,0.0,0.47423846750001425,1.0423643175
2024-01-24,0.0,0.0,0.16314368,0.21113886,0.09357063500000001,0.21113886,0.09357063500000001,0.47183098500001425,1.1359349525
2024-01-25,0.0,0.19282863,0.0,1.7026972,0.4738814575,1.7026972,0.4738814575,0.5674520925000142,1.0416905600000002
2024-01-26,0.0,0.0,0.0,0.0,0.0,0.0,0.0,0.5674520925000142,1.0416905600000002
2024-01-27,0.0,0.0,1.6522684,1.5474892,0.7999394,1.6522684,0.7999394,1.273820857500014,1.8416299600000001
2024-01-28,0.0,0.0,0.0,0.0,0.0,0.0,0.0,0.7999394000000141,1.7456518425
2024-01-29,0.0,0.0,0.0,0.0,0.0,0.0,0.0,0.7999394000000141,1.3673914925
2024-01-30,0.0,0.0,2.2598412,2.600436,1.2150693000000001,2.600436,1.2150693000000001,1.2150693000000143,2.5824607925
2024-01-31,0.27293596,0.0,0.91993207,1.0603575,0.5633063825,1.0603575,0.5633063825,1.7783756825000143,3.05219654
2024-02-01,0.0,0.0,0.5537499,0.41920102,0.24323772999999999,0.5537499,0.24323772999999999,2.0216134125000145,2.8215528125000002
2024-02-02,0.4027109,0.0,0.24212547,0.28509048,0.2324817125,0.4027109,0.2324817125,1.0390258250000142,3.054034525
2024-02-03,0.0,0.0,0.800178,0.8659874,0.41654135,0.8659874,0.41654135,0.8922607925000141,2.6706364750000002
2024-02-04,0.0,0.162382,0.9722559,2.5310187,0.91641415,2.5310187,0.91641415,1.5654372125000142,3.587050625
2024-02-05,0.0,0.0,2.5405614,2.7814178,1.3304947999999999,2.7814178,1.3304947999999999,2.6634503000000143,4.917545425
2024-02-06,0.0,0.0,1.1912107,1.1036149,0.5737064000000001,1.1912107,0.5737064000000001,2.820615350000014,4.276182524999999
2024-02-07,0.0,0.0,0.0,0.0,0.0,0.0,0.0,1.9042012000000141,3.7128761425
2024-02-08,0.0,0.0,0.30136177,0.34055418,0.1604789875,0.34055418,0.1604789875,0.7341853875000143,3.6301173999999996
2024-02-09,0.0,0.0,0.46577615,0.4484911,0.2285668125,0.46577615,0.2285668125,0.3890458000000142,3.6262024999999998
2024-02-10,0.0,0.0,0.0,0.0,0.0,0.0,0.0,0.3890458000000142,3.2096611499999996
2024-02-11,0.0,0.0,0.0,0.0,0.0,0.0,0.0,0.2285668125000142,2.293247
2024-02-12,0.0,0.0,0.0,0.0,0.0,0.0,0.0,0.0,0.9627522000000001
2024-02-13,0.0,0.0,0.0,0.0,0.0,0.0,0.0,0.0,0.3890458
2024-02-14,0.0,0.0,0.0,0.0,0.0,0.0,0.0,0.0,0.3890458
2024-02-15,0.0,0.0,0.0,0.0,0.0,0.0,0.0,0.0,0.2285668125
2024-02-16,0.0,0.0,0.0,0.0,0.0,0.0,0.0,0.0,0.0
2024-02-17,0.0,0.0,0.0,0.0,0.0,0.0,0.0,0.0,0.0
2024-02-18,0.38983402,0.0,0.9904306,0.98624116,0.5916264450000001,0.9904306,0.5916264450000001,0.5916264450000143,0.5916264450000001
2024-02-19,0.12545526,0.0,3.218946,2.8178363,1.5405593899999999,3.218946,1.5405593899999999,2.1321858350000142,2.132185835
2024-02-20,0.0,0.0,0.0,0.0,0.0,0.0,0.0,2.1321858350000142,2.132185835
2024-02-21,0.0,0.0,0.0,0.0,0.0,0.0,0.0,1.540559390000014,2.132185835
2024-02-22,0.0,0.0,0.0,0.0,0.0,0.0,0.0,0.0,2.132185835
2024-02-23,0.45480633,0.0,0.0,0.0,0.1137015825,0.45480633,0.1137015825,0.1137015825000142,2.2458874175
2024-02-24,0.0,0.0,2.976605,2.0846512,1.2653140500000002,2.976605,1.2653140500000002,1.3790156325000145,3.5112014675000003
2024-02-25,0.0,0.0,0.0,0.0,0.0,0.0,0.0,1.3790156325000145,2.9195750225
2024-02-26,0.0,0.0,0.0,0.0,0.0,0.0,0.0,1.2653140500000144,1.3790156325000003
2024-02-27,0.0,0.0,0.0,0.0,0.0,0.0,0.0,0.0,1.3790156325000003
2024-02-28,0.0,0.0,0.0,0.0,0.0,0.0,0.0,0.0,1.3790156325000003
2024-02-29,0.0,0.0,0.0,0.0,0.0,0.0,0.0,0.0,1.3790156325000003
2024-03-01,0.0,0.11163762,2.7658176,2.5644073,1.3604656300000002,2.7658176,1.3604656300000002,1.3604656300000144,2.6257796800000004
2024-03-02,0.0,0.0,0.0,0.10021142,0.025052855,0.10021142,0.025052855,1.3855184850000144,1.3855184850000002
2024-03-03,0.0,0.0,0.0,0.0,0.0,0.0,0.0,1.3855184850000144,1.3855184850000002
2024-03-04,0.0,0.0,0.0,0.0,0.0,0.0,0.0,0.02505285500001421,1.3855184850000002
2024-03-05,0.0,0.0,0.0,0.0,0.0,0.0,0.0,0.0,1.3855184850000002
2024-03-06,0.0,0.0,0.0,0.0,0.0,0.0,0.0,0.0,1.3855184850000002
2024-03-07,0.0,0.0,0.0,0.0,0.0,0.0,0.0,0.0,1.3855184850000002
2024-03-08,0.0,0.0,0.0,0.0,0.0,0.0,0.0,0.0,0.025052855
2024-03-09,0.0,0.0,0.0,0.0,0.0,0.0,0.0,0.0,0.0
2024-03-10,0.0,0.0,0.0,0.0,0.0,0.0,0.0,0.0,0.0
2024-03-11,0.0,0.0,0.0,0.0,0.0,0.0,0.0,0.0,0.0
2024-03-12,0.0,0.0,0.0,0.0,0.0,0.0,0.0,0.0,0.0
2024-03-13,0.0,0.0,0.27643624,0.2588307,0.13381673500000002,0.27643624,0.13381673500000002,0.13381673500001423,0.13381673500000002
2024-03-14,0.0,0.0,0.0,0.0,0.0,0.0,0.0,0.13381673500001423,0.13381673500000002
2024-03-15,0.0,0.0,0.0,0.0,0.0,0.0,0.0,0.13381673500001423,0.13381673500000002
2024-03-16,0.0,0.0,0.0,0.0,0.0,0.0,0.0,0.0,0.13381673500000002
2024-03-17,0.0,0.0,1.1800706,1.4085189,0.6471473750000001,1.4085189,0.6471473750000001,0.6471473750000143,0.7809641100000001
2024-03-18,0.0,0.0,0.0,0.0,0.0,0.0,0.0,0.6471473750000143,0.7809641100000001
2024-03-19,0.0,0.0,0.0,0.0,0.0,0.0,0.0,0.6471473750000143,0.7809641100000001
2024-03-20,10.413481,1.8233731,3.375143,1.8164786,4.357118925,10.413481,4.357118925,4.357118925000014,5.0042663
2024-03-21,26.968243,15.45402,25.207315,27.142107,23.69292125,27.142107,23.69292125,28.050040175000014,28.697187550000002
2024-03-22,50.80876,7.108805,19.294401,16.819412,23.507844499999997,50.80876,23.507844499999997,51.55788467500001,52.20503205
2024-03-23,13.418613,44.988064,10.128984,10.465499,19.75029,44.988064,19.75029,66.95105575000001,71.95532205
2024-03-24,17.566631,18.48491,6.9577007,4.1707673,11.795002250000001,18.48491,11.795002250000001,55.053136750000014,83.103176925
2024-03-25,0.0,0.0,0.11847268,0.11092745,0.057350032499999995,0.11847268,0.057350032499999995,31.602642282500018,83.1605269575
2024-03-26,2.330199,6.601048,33.012676,39.96001,20.47598325,39.96001,20.47598325,32.32833553250002,103.6365102075
2024-03-27,1.0768669,0.3013896,0.64343965,0.74134564,0.6907604475,1.0768669,0.6907604475,21.224093730000014,99.97015173
2024-03-28,2.970168,0.8317626,1.1499482,2.1982908,1.7875424,2.970168,1.7875424,22.954286097500017,78.06477287999999
2024-03-29,0.0,0.0,0.0,0.0,0.0,0.0,0.0,2.478302847500018,54.556928379999995
2024-03-30,0.0,0.0,0.0,0.0,0.0,0.0,0.0,1.7875424000000177,34.806638379999995
2024-03-31,0.0,0.0,0.55384743,1.1839865,0.4344584825,1.1839865,0.4344584825,0.4344584825000178,23.446094612499994
2024-04-01,0.12096585,0.14208426,4.759383,5.5940104,2.6541108775,5.5940104,2.6541108775,3.088569360000018,26.0428554575
2024-04-02,0.0,0.0,0.0,0.0,0.0,0.0,0.0,3.088569360000018,5.5668722074999994
2024-04-03,0.0,0.0,0.0,0.0,0.0,0.0,0.0,2.6541108775000177,4.876111760000001
2024-04-04,0.0,0.0,0.0,0.0,0.0,0.0,0.0,0.0,3.0885693599999997
2024-04-05,0.0,0.0,0.0,0.0,0.0,0.0,0.0,0.0,3.08856936
2024-04-06,0.0,0.0,0.0,0.0,0.0,0.0,0.0,0.0,3.08856936
2024-04-07,0.0,0.0,0.0,0.0,0.0,0.0,0.0,0.0,2.6541108775
2024-04-08,0.0,0.0,0.0,0.0,0.0,0.0,0.0,0.0,0.0
2024-04-09,0.0,0.0,1.242086,1.1863348,0.6071052,1.242086,0.6071052,0.6071052000000178,0.6071052
2024-04-10,0.9270848,1.9589903,4.83804,3.0451317,2.6923117000000003,4.83804,2.6923117000000003,3.299416900000018,3.2994169
2024-04-11,4.3316336,0.57025737,1.2956666,1.4641792,1.9154341925,4.3316336,1.9154341925,5.214851092500018,5.2148510925
2024-04-12,1.2138088,0.6710911,9.886546,8.7267885,5.1245586,9.886546,5.1245586,9.732304492500017,10.3394096925
2024-04-13,0.0,0.0,0.0,0.0,0.0,0.0,0.0,7.039992792500018,10.3394096925
2024-04-14,0.0,0.0,0.9471611,1.1500496,0.5243026749999999,1.1500496,0.5243026749999999,5.648861275000018,10.8637123675
2024-04-15,16.398363,0.47530395,23.668303,5.62692,11.5422224875,23.668303,11.5422224875,12.066525162500017,22.405934854999998
2024-04-16,1.0917438,9.484138,6.402783,4.6293592,5.402006,9.484138,5.402006,17.468531162500017,27.200835655
2024-04-17,10.200227,0.9747981,50.454075,40.101833,25.432733275,50.454075,25.432733275,42.37696176250002,49.941257230000005
2024-04-18,4.937897,10.901606,10.041515,10.151342,9.00809,10.901606,9.00809,39.842829275000014,57.0339130375
2024-04-19,1.0917438,0.4741669,6.472101,6.1159496,3.538490325,6.472101,3.538490325,37.97931360000002,55.4478447625
2024-04-20,0.0,0.13193537,0.29055056,1.5071119,0.4823994575,1.5071119,0.4823994575,13.028979782500016,55.93024422
2024-04-21,1.6345645,0.19282863,3.4628747,4.3375535,2.4069553325,4.3375535,2.4069553325,6.427845115000018,57.812896877499995
2024-04-22,0.0,0.0,0.0,0.0,0.0,0.0,0.0,2.889354790000018,46.270674389999996
2024-04-23,0.0,0.0,0.0,0.0,0.0,0.0,0.0,2.4069553325000177,40.868668389999996
2024-04-24,0.0,0.0,0.0,0.0,0.0,0.0,0.0,0.0,15.435935115000003
2024-04-25,0.0,0.0,0.0,0.0,0.0,0.0,0.0,0.0,6.427845115000004
2024-04-26,0.0,0.0,0.0,0.0,0.0,0.0,0.0,0.0,2.8893547900000036
2024-04-27,0.0,0.0,0.0,0.0,0.0,0.0,0.0,0.0,2.4069553325000035
2024-04-28,0.0,0.0,0.0,0.0,0.0,0.0,0.0,0.0,0.0
2024-04-29,0.0,0.0,3.6472769,5.447879,2.273788975,5.447879,2.273788975,2.2737889750000178,2.2737889750000035
2024-04-30,0.0,0.0,0.8095633,1.0830595,0.4731557,1.0830595,0.4731557,2.7469446750000177,2.7469446750000035
2024-05-01,0.0,0.0,0.0,0.0,0.0,0.0,0.0,2.7469446750000177,2.7469446750000035
2024-05-02,0.0,0.0,0.0,0.0,0.0,0.0,0.0,0.4731557000000178,2.7469446750000035
2024-05-03,0.0,0.0,0.0,0.0,0.0,0.0,0.0,0.0,2.7469446750000035
2024-05-04,0.0,0.0,0.0,0.0,0.0,0.0,0.0,0.0,2.7469446750000035
2024-05-05,0.0,0.0,1.355744,0.9895728,0.5863292,1.355744,0.5863292,0.5863292000000178,3.3332738750000033
2024-05-06,2.1030862,3.800703,0.5945993,1.7081379,2.0516316000000003,3.800703,2.0516316000000003,2.637960800000018,3.1111165000000036
2024-05-07,0.58631045,14.378679,26.26973,19.697763,15.233120612499999,26.26973,15.233120612499999,17.87108141250002,17.871081412500004
2024-05-08,16.377504,4.0599065,3.1479657,2.7407048,6.58152025,16.377504,6.58152025,23.866272462500014,24.4526016625
2024-05-09,0.29357353,0.0,0.0,0.0,0.0733933825,0.29357353,0.0733933825,21.888034245000014,24.525995045000002
2024-05-10,0.0,0.0,0.39303187,0.27883056,0.1679656075,0.39303187,0.1679656075,6.8228792400000176,24.693960652500003
2024-05-11,1.082572,8.32535,0.30136177,3.7869532,3.3740592425000004,8.32535,3.3740592425000004,3.6154182325000184,28.068019895000003
2024-05-12,47.282063,15.559199,19.975813,15.456154,24.56830725,47.282063,24.56830725,28.11033210000002,52.049997945
2024-05-13,10.078753,16.054602,6.033525,9.79085,10.4894325,16.054602,10.4894325,38.43179899250002,60.487798845
2024-05-14,0.0,0.0,0.6431608,0.477878,0.2802597,0.6431608,0.2802597,35.33799945000002,45.53493793250001
2024-05-15,0.0,0.0,2.5092344,2.2003896,1.177406,2.5092344,1.177406,11.947098200000017,40.1308236825
2024-05-16,0.68402886,0.0,31.323997,4.693331,9.175339215,31.323997,9.175339215,10.633004915000017,49.232769515
2024-05-17,21.694426,0.0,1.518473,2.7009761,6.478468775,21.694426,6.478468775,16.831213990000016,55.5432726825
2024-05-18,12.264148,29.048233,5.8991942,14.001145,15.30318005,29.048233,15.30318005,30.956988040000017,67.47239349
2024-05-19,21.088245,42.93073,37.14946,35.363716,34.13303775,42.93073,34.13303775,55.91468657500002,77.03712399
2024-05-20,23.039677,8.559031,2.377918,11.416044,11.3481675,23.039677,11.3481675,60.78438530000002,77.89585899000001
2024-05-21,1.0757587,14.569364,7.2492595,11.722425,8.6542018,14.569364,8.6542018,54.13540705000001,86.26980109
2024-05-22,0.31192186,0.0,4.950376,1.2769121,1.6348024900000002,4.950376,1.6348024900000002,21.637171790000014,86.72719758
2024-05-23,20.005764,1.9193004,7.111494,7.1214237,9.039495525,20.005764,9.039495525,19.328499815000015,86.59135389000001
2024-05-24,0.0,0.0,0.0,0.0,0.0,0.0,0.0,10.674298015000014,80.11288511500001
2024-05-25,0.0,0.0,0.0,0.0,0.0,0.0,0.0,9.039495525000014,64.809705065
2024-05-26,0.0,0.0,0.0,11.696636,2.924159,11.696636,2.924159,2.924159000000014,33.600826315
2024-05-27,40.398483,41.285316,4.406945,25.8021,27.973211,41.285316,27.973211,30.897370000000013,50.225869814999996
2024-05-28,0.0,0.0,4.4330387,3.7684839,2.05038065,4.4330387,2.05038065,32.94775065000001,43.622048665
2024-05-29,2.9939446,47.692455,2.283377,17.794409,17.6910464,47.692455,17.6910464,47.71463805000002,59.678292575
2024-05-30,26.06811,9.328744,23.51251,8.40112,16.827621,26.06811,16.827621,36.56904805000002,67.46641805
2024-05-31,4.1338487,7.989032,53.29775,43.93108,27.337927675000003,53.29775,27.337927675000003,61.856595075000016,94.804345725
2024-06-01,12.558475,2.9923317,0.33191848,1.7127682,4.398873345,12.558475,4.398873345,48.564422020000016,99.20321907
2024-06-02,1.7536235,49.26156,27.877869,31.254059,27.536777875000002,49.26156,27.536777875000002,59.273578895000014,123.815837945
2024-06-03,1.0761868,1.0079502,4.9497805,4.426571,2.865122125,4.9497805,2.865122125,34.80077334500002,98.70774907000002
2024-06-04,16.343222,24.230947,47.97139,49.401028,34.48664675,49.401028,34.48664675,64.88854675000002,131.14401517
2024-06-05,27.575006,89.96708,15.417527,47.7073,45.16672825,89.96708,45.16672825,82.51849712500001,158.61969702
2024-06-06,9.108986,24.084686,0.29979104,11.287591,11.19526351,24.084686,11.19526351,90.84863851000001,152.98733953
2024-06-07,13.654438,24.007284,0.41795743,9.975595,12.0138186075,24.007284,12.0138186075,68.37581036750001,137.6632304625
2024-06-08,7.7079563,22.321165,18.66063,29.36419,19.513485324999998,29.36419,19.513485324999998,42.72256744250001,152.7778424425
2024-06-09,23.13597,11.981122,4.382762,7.386338,11.721548,23.13597,11.721548,43.24885193250001,136.96261256749997
2024-06-10,1.9999696,60.729008,28.364363,41.28063,33.09349265,60.729008,33.09349265,64.32852597500002,167.1909830925
2024-06-11,17.107615,23.20706,69.016,50.487694,39.95459225,69.016,39.95459225,84.7696329,172.65892859250002
2024-06-12,24.949373,36.32562,26.322948,35.17111,30.69226275,36.32562,30.69226275,103.74034765000002,158.1844630925
2024-06-13,29.989397,139.42833,9.536926,76.708015,63.915667,139.42833,63.915667,134.562522,210.9048665825
2024-06-14,46.11227,136.28076,26.647081,73.38251,70.60565524999998,136.28076,70.60565524999998,165.21358500000002,269.496703225
2024-06-15,18.99986,24.054905,42.68727,36.343586,30.52140525,42.68727,30.52140525,165.0427275,280.50462315
2024-06-16,74.903885,22.212727,8.147781,13.968812,29.80830125,74.903885,29.80830125,130.93536175,298.5913764
2024-06-17,44.300255,26.547398,11.473035,21.754639,26.01883175,44.300255,26.01883175,86.34853825000002,291.5167155
2024-06-18,71.31293,29.521877,13.13577,20.870733,33.7103275,71.31293,33.7103275,89.53746050000001,285.27245074999996
2024-06-19,86.29834,43.91576,39.990547,35.90907,51.52842925,86.29834,51.52842925,111.25758850000001,306.10861724999995
2024-06-20,31.986061,47.255104,38.876484,41.12863,39.811569750000004,47.255104,39.811569750000004,125.05032650000001,282.00452
2024-06-21,34.122814,46.87465,18.715324,33.539097,33.312971250000004,46.87465,33.312971250000004,124.65297025000002,244.711836
2024-06-22,3.6243358,37.373585,6.1079884,23.705385,17.702823549999998,37.373585,17.702823549999998,90.82736455000003,231.8932543
2024-06-23,40.778805,18.135778,15.202457,11.97395,21.522747499999998,40.778805,21.522747499999998,72.53854230000002,223.60770055
2024-06-24,9.228987,32.342625,6.396522,15.981476,15.9874025,32.342625,15.9874025,55.21297355000001,213.5762713
2024-06-25,19.155912,17.657991,22.600662,17.490614,19.22629475,22.600662,19.22629475,56.73644475000001,199.09223855000002
2024-06-26,40.547684,3.8709955,18.860708,26.00567,22.321264375,40.547684,22.321264375,57.53496162500001,169.885073675
2024-06-27,12.774611,8.64189,29.150366,15.5005665,16.516858375,29.150366,16.516858375,58.06441750000002,146.5903623
2024-06-28,30.443382,99.9076,2.4639037,48.38629,45.300293925,99.9076,45.300293925,84.138416675,158.577684975
2024-06-29,92.00585,65.06405,27.042616,49.57164,58.421039,92.00585,58.421039,120.23819130000001,199.29590042499999
2024-06-30,57.648346,94.346695,13.506565,52.484447,54.49651324999999,94.346695,54.49651324999999,158.217846175,232.269666175
2024-07-01,0.81374174,26.456392,3.7018173,17.596846,12.14219926,26.456392,12.14219926,125.05975151,228.424462935
2024-07-02,87.72376,80.46006,14.536068,47.407463,57.53183775,87.72376,57.53183775,124.17055026,266.730005935
2024-07-03,18.010977,41.443577,17.605524,40.12592,29.296499500000003,41.443577,29.296499500000003,98.97053651000002,273.70524106
2024-07-04,23.984625,19.775557,19.885166,23.074701,21.68001225,23.984625,21.68001225,108.50834950000001,278.868394935
2024-07-05,57.519867,28.363617,3.8949385,15.257753,26.259043874999996,57.519867,26.259043874999996,77.235555625,259.827144885
2024-07-06,116.37436,42.902893,26.029686,29.508965,53.703976,116.37436,53.703976,101.64303212499999,255.110081885
2024-07-07,72.981224,36.346985,3.436399,15.43317,32.04944449999999,72.981224,32.04944449999999,112.01246437499998,232.663013135
2024-07-08,20.401472,14.916667,3.928005,9.356508,12.150663,20.401472,12.150663,97.9040835,232.671476875
2024-07-09,36.155937,36.319374,16.059444,21.53098,27.51643375,36.319374,27.51643375,71.71654125,202.656072875
2024-07-10,10.281258,22.477066,6.7641125,14.379489,13.475481375000001,22.477066,13.475481375000001,53.14257812500001,186.83505474999998
2024-07-11,11.769514,15.142756,6.843361,9.347196,10.775706750000001,15.142756,10.775706750000001,51.767621875,175.93074925
2024-07-12,63.595566,52.667946,47.3341,54.669373,54.56674625,63.595566,54.56674625,78.81793437500002,204.238451625
2024-07-13,5.5992203,56.453106,11.30466,36.568287,27.481318325,56.453106,27.481318325,92.82377132500001,178.01579395
2024-07-14,11.741954,56.986015,9.743097,30.39203,27.215774000000003,56.986015,27.215774000000003,109.26383857500002,173.18212345
2024-07-15,38.05184,61.485798,29.046928,44.896217,43.37019575,61.485798,43.37019575,98.06728807500001,204.4016562
2024-07-16,16.742311,73.400566,14.889604,40.04932,36.27045025,73.400566,36.27045025,106.85642000000001,213.15567270000003
2024-07-17,0.23213351,4.743956,4.8771133,5.6587296,3.8779831025,5.6587296,3.8779831025,83.51862910250001,203.5581744275
2024-07-18,26.827198,86.67617,29.815273,55.41287,49.682877749999996,86.67617,49.682877749999996,89.8313111025,242.46534542749998
2024-07-19,0.0,0.20698686,3.9798498,2.7378232,1.731164965,3.9798498,1.731164965,55.29202581749999,189.6297641425
2024-07-20,31.655182,32.9744,30.251583,37.159454,33.01015475,37.159454,33.01015475,84.42419746499999,195.1586005675
2024-07-21,8.580521,13.596524,7.3159337,11.475578,10.242139175,13.596524,10.242139175,44.98345888999999,178.1849657425
2024-07-22,44.561382,67.11778,16.108027,39.03409,41.705319749999994,67.11778,41.705319749999994,84.95761367499998,176.52008974249998
2024-07-23,35.643753,46.411556,9.052003,26.474512,29.395456,46.411556,29.395456,81.34291492499999,169.6450954925
2024-07-24,4.2914395,14.659856,12.432848,16.441162,11.956326375,16.441162,11.956326375,83.05710212499997,177.723438765
2024-07-25,6.337925,44.171432,18.904755,32.419403,25.45837875,44.171432,25.45837875,66.810161125,153.498939765
2024-07-26,0.19543682,21.264055,6.721981,14.303829,10.621325455000001,21.264055,10.621325455000001,48.03603058,162.389100255
2024-07-27,29.512215,64.35686,4.0723567,31.642553,32.395996175,64.35686,32.395996175,68.47570037999999,161.77494167999998
2024-07-28,11.889646,5.1330214,24.544535,18.914227,15.120357349999999,24.544535,15.120357349999999,58.13767897999999,166.65315985499998
2024-07-29,0.10390425,1.356139,8.290956,5.9620957,3.9282737374999996,8.290956,3.9282737374999996,51.444627262499985,128.8761138425
2024-07-30,0.34222358,28.670551,11.234765,20.345537,15.148269144999999,28.670551,15.148269144999999,34.19690023249999,114.6289269875
2024-07-31,20.658863,22.370535,6.990189,13.805814,15.95635025,22.370535,15.95635025,35.03289313249999,118.62895086249999
2024-08-01,28.17337,20.471867,14.644105,20.913952,21.050823499999996,28.17337,21.050823499999996,52.155442894999986,114.22139561249999
2024-08-02,44.680164,25.730043,33.87184,36.206146,35.12204825,44.680164,35.12204825,72.12922199999998,138.72211840749998
2024-08-03,36.543606,17.17288,39.77665,33.566414,31.7648875,39.77665,31.7648875,87.93775924999998,138.0910097325
2024-08-04,5.006677,19.796064,15.197947,18.800476,14.700291,19.796064,14.700291,81.58722674999999,137.67094338249998
2024-08-05,0.11009008,7.0577726,2.094189,3.9963663,3.3146044949999998,7.0577726,3.3146044949999998,49.77978299499999,137.05727413999998
2024-08-06,40.461475,23.977951,45.885994,44.02724,38.588165,45.885994,38.588165,56.60306049499999,160.49716999499998
2024-08-07,54.097416,26.021769,22.841953,32.255234,33.804093,54.097416,33.804093,75.706862495,178.344912745
2024-08-08,16.056717,39.153023,5.4379354,21.611423,20.5647746,39.153023,20.5647746,92.95703259999999,177.858863845
2024-08-09,20.853844,28.777515,4.9504995,18.922178,18.376009125,28.777515,18.376009125,72.744876725,161.11282472
2024-08-10,14.626272,12.557145,0.9936587,5.715294,8.473092425,14.626272,8.473092425,47.41387614999999,137.821029645
2024-08-11,0.5781126,13.725696,9.070634,12.576447,8.987722400000001,13.725696,8.987722400000001,35.836823949999996,132.10846104499998
2024-08-12,1.1805191,16.40187,5.5229864,12.094673,8.800012125,16.40187,8.800012125,26.260826949999995,137.593868675
2024-08-13,0.0,2.7513218,3.7943563,6.7319784,3.3194141249999998,6.7319784,3.3194141249999998,21.107148649999992,102.3251178
2024-08-14,4.805064,2.9826982,17.150047,22.721478,11.9148218,22.721478,11.9148218,24.034248049999995,80.4358466
2024-08-15,1.3874714,13.786145,12.730402,16.010992,10.9787526,16.010992,10.9787526,26.212988524999993,70.8498246
2024-08-16,0.0,5.7485533,0.61606646,2.9758124,2.33510804,5.7485533,2.33510804,25.228682439999993,54.808923515000004
2024-08-17,0.0,0.0,1.1766033,0.64966017,0.4565658675,1.1766033,0.4565658675,13.770426507499993,46.7923969575
2024-08-18,5.5623865,1.1541034,1.9378682,1.2914209,2.48644475,5.5623865,2.48644475,5.278118657499993,40.2911193075
2024-08-19,0.6298302,3.9996488,25.06187,19.848854,12.38505075,25.06187,12.38505075,15.328061367499993,43.8761579325
2024-08-20,1.2415309,3.8911965,5.237463,5.8555684,4.0564397,5.8555684,4.0564397,18.927935199999993,44.6131835075
2024-08-21,9.259121,28.145607,8.92923,19.250648,16.3961515,28.145607,16.3961515,32.83764194999999,49.0945132075
2024-08-22,0.0,9.378768,7.8565965,9.85583,6.772798625,9.85583,6.772798625,27.225389824999993,44.8885592325
2024-08-23,19.385712,33.45676,3.3331866,15.910024,18.02142065,33.45676,18.02142065,41.19037077499999,60.5748718425
2024-08-24,0.0,0.5734932,11.529617,8.366265,5.1173438,11.529617,5.1173438,29.911563074999993,65.235649775
2024-08-25,1.8152606,5.610562,13.572379,10.175791,7.7934981500000005,13.572379,7.7934981500000005,30.932262599999994,70.542703175
2024-08-26,0.734179,6.298729,4.796399,4.840682,4.16749725,6.298729,4.16749725,17.078339199999995,62.325149675
2024-08-27,27.339964,9.704172,38.37467,31.038973,26.614444749999997,38.37467,26.614444749999997,38.57544014999999,84.883154725
2024-08-28,0.6848851,0.0,13.485018,10.207618,6.094380275000001,13.485018,6.094380275000001,36.87632227499999,74.5813835
2024-08-29,0.3976967,5.2277794,1.4656941,3.301718,2.5982220500000004,5.2277794,2.5982220500000004,35.30704707499999,70.40680692500001
2024-08-30,0.0,4.5062876,7.196417,7.1247144,4.70685475,7.196417,4.70685475,13.399457074999994,57.09224102499999
2024-08-31,0.0,0.0,1.3390363,0.95684135,0.5739694125,1.3390363,0.5739694125,7.879046212499993,52.5488666375
2024-09-01,59.255676,52.962994,12.095901,28.61301,38.23189525,59.255676,38.23189525,43.51271941249999,82.9872637375
2024-09-02,0.19586492,0.31540856,0.8640028,0.50926054,0.47113420500000003,0.8640028,0.47113420500000003,39.2769988675,79.2909006925
2024-09-03,0.0,0.0,1.5620496,1.4792576,0.7603268,1.5620496,0.7603268,39.463356255,53.4367827425
2024-09-04,0.61148185,26.383562,0.31358626,11.454034,9.6906660275,26.383562,9.6906660275,10.9221270325,57.033068495
2024-09-05,43.37554,41.00165,9.521471,25.58134,29.87000025,43.37554,29.87000025,40.3209930775,84.30484669500001
2024-09-06,0.18348345,6.7821517,1.0368664,3.8748505,2.9693380124999997,6.7821517,2.9693380124999997,42.53000429,82.5673299575
2024-09-07,0.0,0.0,0.23337306,0.17421643,0.1018973725,0.23337306,0.1018973725,32.941235635,82.0952579175
2024-09-08,0.0,0.0,0.55841565,0.41011253,0.24213204500000002,0.55841565,0.24213204500000002,3.313367430000003,44.105494712500004
2024-09-09,0.0,11.536532,0.70704365,5.5596375,4.450803287499999,11.536532,4.450803287499999,4.794832705000003,48.085163795
2024-09-10,0.0,1.0857582,0.0,0.0,0.27143955,1.0857582,0.27143955,4.964374882500003,47.596276545
2024-09-11,3.1291296,24.614079,3.8536797,14.017262,11.403537575,24.614079,11.403537575,16.125780412500003,49.309148092499996
2024-09-12,17.964682,49.16514,13.697667,31.099648,27.98178425,49.16514,27.98178425,39.656761375,47.420932092499996
2024-09-13,0.0,0.0,0.6668258,0.5825154,0.3123353,0.6668258,0.3123353,39.697657125000006,44.76392937999999
2024-09-14,0.7339338,0.0,0.7079844,0.85993207,0.5754625675,0.85993207,0.5754625675,28.86958211750001,45.237494575
2024-09-15,40.941936,13.225908,16.931252,17.514053,22.15328725,40.941936,22.15328725,23.041085117500007,67.14864978
2024-09-16,13.050989,75.892456,21.186682,47.655685,39.446453,75.892456,39.446453,62.17520281750001,102.14429949250001
2024-09-17,0.0,0.0,0.11724486,0.0,0.029311215,0.11724486,0.029311215,61.629051465,101.9021711575
2024-09-18,0.0,0.0,0.2917163,0.21777055,0.1273717125,0.2917163,0.1273717125,39.6031359275,90.626005295
2024-09-19,0.0,0.0,0.0,0.0,0.0,0.0,0.0,0.1566829275,62.644221045
2024-09-20,0.0,0.0,2.7213573,1.1190181,0.96009385,2.7213573,0.96009385,1.0874655625,63.29197959500001
2024-09-21,0.0,0.0,0.0,0.0,0.0,0.0,0.0,0.96009385,62.716517027500004
2024-09-22,0.0,15.803473,0.8334244,7.590384,6.05682035,15.803473,6.05682035,7.0169141999999995,46.6200501275
2024-09-23,0.0,0.0,0.0,0.0,0.0,0.0,0.0,6.05682035,7.173597127500007
2024-09-24,0.0,0.0,3.300994,1.834618,1.283903,3.300994,1.283903,7.340723349999999,8.428188912500007
2024-09-25,30.644302,3.671051,19.844685,12.668574,16.707152999999998,30.644302,16.707152999999998,17.991055999999997,25.007970200000003
2024-09-26,72.27301,68.41013,41.59317,58.077763,60.08851824999999,72.27301,60.08851824999999,78.07957425,85.09648845
2024-09-27,64.81836,45.016888,68.52449,55.490173,58.46247775,68.52449,58.46247775,135.258149,142.59887235
2024-09-28,119.14105,133.04774,102.18176,110.85436,116.30622749999999,133.04774,116.30622749999999,234.85722349999998,258.90509985
2024-09-29,26.042925,23.144238,31.243685,27.77122,27.050517,31.243685,27.050517,201.81922225,279.8987965
2024-09-30,0.0,5.8346863,2.7572103,4.626001,3.3044744,5.8346863,3.3044744,146.66121889999997,283.2032709
2024-10-01,0.0,0.81537205,0.0,0.0,0.2038430125,0.81537205,0.2038430125,30.558834412499998,282.1232109125
2024-10-02,2.6046872,51.731796,6.609795,26.401804,21.83702055,51.731796,21.83702055,25.345337962499997,287.25307846249996
2024-10-03,41.952423,3.0380836,35.49228,23.729883,26.0531674,41.952423,26.0531674,48.0940309625,253.21772761249997
2024-10-04,22.138388,78.89672,2.0108578,36.690964,34.93423245,78.89672,34.93423245,82.8244204,229.6894823125
2024-10-05,3.4301636,11.700554,6.344964,10.6549,8.0326454,11.700554,8.0326454,69.02004525000001,121.41590021249999
2024-10-06,0.23852848,2.805281,0.11668653,1.3478767,1.1270931775,2.805281,1.1270931775,44.0939710275,95.49247639
2024-10-07,11.515193,3.800703,0.0,1.729915,4.26145275,11.515193,4.26145275,13.4211913275,96.44945474
2024-10-08,16.122343,0.85980725,7.007938,5.1257324,7.2789551625,16.122343,7.2789551625,12.66750109,103.52456688999999
2024-10-09,8.743897,3.6238022,33.98513,10.316,14.167207300000001,33.98513,14.167207300000001,25.707615212500002,95.85475364
2024-10-10,18.929638,94.84675,62.182137,80.13588,64.02360125,94.84675,64.02360125,85.4697637125,133.82518749000002
2024-10-11,6.4080234,7.490049,0.0,0.0,3.4745181,7.490049,3.4745181,81.66532665,102.36547313999999
2024-10-12,0.0,0.5618215,0.0,0.0,0.140455375,0.5618215,0.140455375,67.638574725,94.473283115
2024-10-13,0.0,7.1955914,0.0,3.5114367,2.6767570249999997,7.1955914,2.6767570249999997,6.2917305,96.0229469625
2024-10-14,7.9098415,0.0,0.0,0.0,1.977460375,7.9098415,1.977460375,4.7946727749999996,93.7389545875
2024-10-15,2.028389,6.7636275,3.682461,4.805323,4.319950125,6.7636275,4.319950125,8.974167524999999,90.77994955
2024-10-16,0.0,1.2272091,15.61174,10.533627,6.843144025,15.61174,6.843144025,13.140554524999999,83.455886275
2024-10-17,2.2018013,43.030254,0.5834326,18.00496,15.955111975000001,43.030254,15.955111975000001,27.118206125,35.387397
2024-10-18,9.25706,1.4837574,0.0,0.0,2.68520435,9.25706,2.68520435,25.48346035,34.59808325
2024-10-19,9.510343,5.362212,1.576653,3.289581,4.934697250000001,9.510343,4.934697250000001,23.575013575,39.392325125
2024-10-20,17.611673,1.1877879,17.80788,7.3414173,10.98718955,17.80788,10.98718955,18.607091150000002,47.702757649999995
2024-10-21,4.2157006,0.0,0.0,0.0,1.05392515,4.2157006,1.05392515,16.97581195,46.779222425
2024-10-22,0.0,0.0,0.0,0.0,0.0,0.0,0.0,12.0411147,42.4592723
2024-10-23,0.0,0.0,0.0,0.0,0.0,0.0,0.0,1.05392515,35.616128275
2024-10-24,0.0,0.0,0.0,0.0,0.0,0.0,0.0,0.0,19.6610163
2024-10-25,0.7215719,23.70915,0.0,10.655527,8.771562225,23.70915,8.771562225,8.771562225,25.747374175
2024-10-26,0.70920026,4.7056327,2.5892618,4.0117435,3.003959565,4.7056327,3.003959565,11.77552179,23.816636489999997
2024-10-27,0.0,0.0,0.0,0.0,0.0,0.0,0.0,11.77552179,12.82944694
2024-10-28,0.0,0.0,0.0,0.0,0.0,0.0,0.0,3.003959565,11.77552179
2024-10-29,0.0,0.0,0.0,0.0,0.0,0.0,0.0,0.0,11.77552179
2024-10-30,0.0,4.3385363,14.278673,2.6885638,5.326443275,14.278673,5.326443275,5.326443275,17.101965065
2024-10-31,2.605465,2.144924,28.536335,20.582045,13.46719225,28.536335,13.46719225,18.793635525,30.569157314999998
2024-11-01,14.233053,6.283568,0.17779958,2.649765,5.836046394999999,14.233053,5.836046394999999,24.62968192,27.633641485
2024-11-02,0.0,0.0,0.32088795,0.23954761,0.14010888999999999,0.32088795,0.14010888999999999,19.443347535,24.76979081
2024-11-03,0.0,0.0,0.0,0.0,0.0,0.0,0.0,5.976155284999999,24.76979081
2024-11-04,0.0,0.0,0.35005957,0.26132467,0.15284606,0.35005957,0.15284606,0.29295495,24.92263687
2024-11-05,0.0,0.0,0.0,0.0,0.0,0.0,0.0,0.15284606,24.92263687
2024-11-06,0.0,0.0,0.0,0.0,0.0,0.0,0.0,0.15284606,19.596193595000003
2024-11-07,0.0,0.0,0.0,0.0,0.0,0.0,0.0,0.0,6.129001345
2024-11-08,0.0,0.0,0.0,0.0,0.0,0.0,0.0,0.0,0.29295495
2024-11-09,0.0,0.0,0.0,0.0,0.0,0.0,0.0,0.0,0.15284606
2024-11-10,0.0,0.0,0.0,0.0,0.0,0.0,0.0,0.0,0.15284606
2024-11-11,0.0,0.0,0.0,0.0,0.0,0.0,0.0,0.0,0.0
2024-11-12,0.0,0.0,0.0,0.0,0.0,0.0,0.0,0.0,0.0
2024-11-13,0.45489326,0.0,1.6500145,0.4225562,0.63186599,1.6500145,0.63186599,0.63186599,0.63186599
2024-11-14,0.0,0.0,0.0,0.0,0.0,0.0,0.0,0.63186599,0.63186599
2024-11-15,0.0,0.0,0.0,0.0,0.0,0.0,0.0,0.63186599,0.63186599
2024-11-16,0.0,0.0,0.0,0.0,0.0,0.0,0.0,0.0,0.63186599
2024-11-17,0.0,0.0,0.0,0.0,0.0,0.0,0.0,0.0,0.63186599
2024-11-18,0.0,0.0,0.0,0.0,0.0,0.0,0.0,0.0,0.63186599
2024-11-19,0.0,0.0,0.0,0.0,0.0,0.0,0.0,0.0,0.63186599
2024-11-20,0.0,0.0,0.0,0.0,0.0,0.0,0.0,0.0,0.0
2024-11-21,0.0,0.0,0.0,0.0,0.0,0.0,0.0,0.0,0.0
2024-11-22,0.0,0.0,0.0,0.0,0.0,0.0,0.0,0.0,0.0
2024-11-23,0.0,0.0,0.6796465,0.6183056,0.324488025,0.6796465,0.324488025,0.324488025,0.324488025
2024-11-24,0.24642113,0.0,0.0,0.0,0.0616052825,0.24642113,0.0616052825,0.38609330750000004,0.38609330750000004
2024-11-25,0.0,7.9869347,1.4495177,1.4331915,2.717410975,7.9869347,2.717410975,3.1035042825,3.1035042825
2024-11-26,0.0,0.0,0.0,0.0,0.0,0.0,0.0,2.7790162575,3.1035042825
2024-11-27,0.0,0.0,0.0,0.0,0.0,0.0,0.0,2.717410975,3.1035042825
2024-11-28,0.0,0.0,0.0,1.1329267,0.283231675,1.1329267,0.283231675,0.283231675,3.3867359575
2024-11-29,0.0,0.0,0.0,0.0,0.0,0.0,0.0,0.283231675,3.3867359575
2024-11-30,0.0,0.0,0.0,0.0,0.0,0.0,0.0,0.283231675,3.0622479325
2024-12-01,0.0,0.0,0.0,0.0,0.0,0.0,0.0,0.0,3.00064265
2024-12-02,0.0,0.0,0.0,0.0,0.0,0.0,0.0,0.0,0.283231675
2024-12-03,0.0,0.0,0.0,0.0,0.0,0.0,0.0,0.0,0.283231675
2024-12-04,0.0,0.0,0.0,0.0,0.0,0.0,0.0,0.0,0.283231675
2024-12-05,0.0,0.0,0.0,0.11307046,0.028267615,0.11307046,0.028267615,0.028267615,0.028267615
2024-12-06,0.0,0.0,0.0,0.0,0.0,0.0,0.0,0.028267615,0.028267615
2024-12-07,0.0,1.133157,0.48119807,0.47297254,0.5218319025,1.133157,0.5218319025,0.5500995175,0.5500995175
2024-12-08,0.0,0.0,0.0,0.0,0.0,0.0,0.0,0.5218319025,0.5500995175
2024-12-09,0.0,0.0,0.0,0.0,0.0,0.0,0.0,0.5218319025,0.5500995175
2024-12-10,0.0,0.0,0.0,0.0,0.0,0.0,0.0,0.0,0.5500995175
2024-12-11,0.0,0.0,0.0,0.0,0.0,0.0,0.0,0.0,0.5500995175
2024-12-12,0.0,0.0,0.0,0.0,0.0,0.0,0.0,0.0,0.5218319025
2024-12-13,0.0,0.0,0.0,0.0,0.0,0.0,0.0,0.0,0.5218319025
2024-12-14,0.0,0.0,0.0,0.0,0.0,0.0,0.0,0.0,0.0
2024-12-15,0.0,0.0,0.0,0.0,0.0,0.0,0.0,0.0,0.0
2024-12-16,0.0,0.0,0.0,0.0,0.0,0.0,0.0,0.0,0.0
2024-12-17,0.0,0.0,0.0,0.0,0.0,0.0,0.0,0.0,0.0
2024-12-18,0.0,0.0,0.0,0.0,0.0,0.0,0.0,0.0,0.0
2024-12-19,0.0,0.0,0.0,0.0,0.0,0.0,0.0,0.0,0.0
2024-12-20,0.0,0.0,0.0,0.0,0.0,0.0,0.0,0.0,0.0
2024-12-21,0.0,0.0,0.0,0.0,0.0,0.0,0.0,0.0,0.0
2024-12-22,0.0,0.0,3.2028604,8.634487,2.95933685,8.634487,2.95933685,2.95933685,2.95933685
2024-12-23,0.0,0.0,0.0,0.0,0.0,0.0,0.0,2.95933685,2.95933685
2024-12-24,0.0,0.0,0.0,0.0,0.0,0.0,0.0,2.95933685,2.95933685
2024-12-25,0.0,0.0,0.0,0.0,0.0,0.0,0.0,0.0,2.95933685
2024-12-26,0.0,0.0,0.0,0.0,0.0,0.0,0.0,0.0,2.95933685
2024-12-27,0.0,0.0,0.0,0.0,0.0,0.0,0.0,0.0,2.95933685
2024-12-28,0.0,0.0,0.0,0.0,0.0,0.0,0.0,0.0,2.95933685
2024-12-29,0.0,0.0,0.0,0.0,0.0,0.0,0.0,0.0,0.0
2024-12-30,0.0,0.0,0.0,0.0,0.0,0.0,0.0,0.0,0.0
2024-12-31,0.0,0.0,0.0,0.0,0.0,0.0,0.0,0.0,0.0
2025-01-01,0.0,0.0,0.0,0.0,0.0,0.0,0.0,0.0,0.0
2025-01-02,0.0,0.0,0.0,0.0,0.0,0.0,0.0,0.0,0.0
2025-01-03,0.0,0.0,0.0,0.0,0.0,0.0,0.0,0.0,0.0
2025-01-04,0.0,0.0,0.0,0.0,0.0,0.0,0.0,0.0,0.0
2025-01-05,0.0,0.0,0.0,0.0,0.0,0.0,0.0,0.0,0.0
2025-01-06,0.0,0.0,0.0,0.0,0.0,0.0,0.0,0.0,0.0
2025-01-07,0.0,0.0,0.0,0.0,0.0,0.0,0.0,0.0,0.0
2025-01-08,0.6239731,0.0,5.441428,5.3546166,2.8550044249999997,5.441428,2.8550044249999997,2.8550044249999997,2.8550044249999997
2025-01-09,0.0,0.0,0.0,0.0,0.0,0.0,0.0,2.8550044249999997,2.8550044249999997
2025-01-10,0.0,0.0,0.0,0.0,0.0,0.0,0.0,2.8550044249999997,2.8550044249999997
2025-01-11,0.0,0.0,0.0,0.0,0.0,0.0,0.0,0.0,2.8550044249999997
2025-01-12,0.0,0.0,0.0,0.0,0.0,0.0,0.0,0.0,2.8550044249999997
2025-01-13,0.3639146,0.13600619,0.0,0.0,0.1249801975,0.3639146,0.1249801975,0.1249801975,2.9799846225
2025-01-14,5.5975413,2.3977337,1.9291528,2.2032719,3.031924925,5.5975413,3.031924925,3.1569051225000004,6.0119095475
2025-01-15,0.0,0.0,0.0,0.0,0.0,0.0,0.0,3.1569051225000004,3.1569051225000004
2025-01-16,0.0,0.0,0.0,0.0,0.0,0.0,0.0,3.031924925,3.1569051225000004
2025-01-17,0.0,0.0,0.0,0.0,0.0,0.0,0.0,0.0,3.1569051225000004
2025-01-18,0.0,0.0,0.0,0.0,0.0,0.0,0.0,0.0,3.1569051225000004
2025-01-19,0.0,0.0,0.0,0.0,0.0,0.0,0.0,0.0,3.1569051225000004
2025-01-20,0.0,0.0,0.0,0.0,0.0,0.0,0.0,0.0,3.031924925
2025-01-21,0.0,0.0,0.0,0.0,0.0,0.0,0.0,0.0,0.0
2025-01-22,0.0,0.0,0.0,0.0,0.0,0.0,0.0,0.0,0.0
2025-01-23,0.0,0.0,0.0,0.0,0.0,0.0,0.0,0.0,0.0
2025-01-24,0.19491701,0.0,0.0,0.0,0.0487292525,0.19491701,0.0487292525,0.0487292525,0.0487292525
2025-01-25,0.12994467,1.7152641,0.0,0.0,0.4613021925,1.7152641,0.4613021925,0.510031445,0.510031445
2025-01-26,0.0,0.0,0.42104834,0.41385096,0.208724825,0.42104834,0.208724825,0.71875627,0.71875627
2025-01-27,0.0,0.0,0.0,0.0,0.0,0.0,0.0,0.6700270174999999,0.71875627
2025-01-28,0.0,0.0,0.0,0.0,0.0,0.0,0.0,0.208724825,0.71875627
2025-01-29,0.0,0.0,0.36089858,0.3547294,0.178906995,0.36089858,0.178906995,0.178906995,0.897663265
2025-01-30,0.0,0.0,0.0,0.0,0.0,0.0,0.0,0.178906995,0.897663265
2025-01-31,0.0,0.0,1.0346301,1.0834037,0.52950845,1.0834037,0.52950845,0.708415445,1.3784424625
2025-02-01,0.0,0.0,0.0,0.0,0.0,0.0,0.0,0.52950845,0.9171402700000001
2025-02-02,0.0,0.0,0.0,0.0,0.0,0.0,0.0,0.52950845,0.7084154450000001
2025-02-03,0.0,0.0,0.0,0.0,0.0,0.0,0.0,0.0,0.7084154450000001
2025-02-04,0.28174505,0.0,0.0,0.0,0.0704362625,0.28174505,0.0704362625,0.0704362625,0.7788517075000001
2025-02-05,0.0,0.0,0.0,0.0,0.0,0.0,0.0,0.0704362625,0.5999447125000001
2025-02-06,0.0,0.0,0.12029952,0.118243136,0.059635664,0.12029952,0.059635664,0.1300719265,0.6595803765000001
2025-02-07,0.0,0.0,0.0,0.0,0.0,0.0,0.0,0.059635664,0.1300719265000001
2025-02-08,0.0,0.0,2.1052418,2.0692549,1.043624175,2.1052418,1.043624175,1.103259839,1.1736961015
2025-02-09,0.0,0.0,0.0,0.0,0.0,0.0,0.0,1.043624175,1.1736961015
2025-02-10,0.0,0.0,0.0,0.0,0.0,0.0,0.0,1.043624175,1.1736961015
2025-02-11,0.0,0.0,0.25036767,0.23987252,0.12256004749999999,0.25036767,0.12256004749999999,0.12256004749999999,1.2258198865
2025-02-12,0.0,0.0,0.72179717,1.8423855,0.6410456675,1.8423855,0.6410456675,0.763605715,1.866865554
2025-02-13,0.0,0.0,0.0,2.2119045,0.552976125,2.2119045,0.552976125,1.31658184,2.360206015
2025-02-14,0.0,0.0,0.2933047,0.46273988,0.189011145,0.46273988,0.189011145,1.3830329375000001,2.54921716
2025-02-15,0.5594252,0.0,7.4633694,9.349463,4.3430644,9.349463,4.3430644,5.08505167,5.848657385
2025-02-16,1.4717511,0.0,15.088733,16.5395,8.274996025,16.5395,8.274996025,12.807071570000002,14.12365341
2025-02-17,0.45489326,0.0,1.4557992,1.0069405,0.7294082399999999,1.4557992,0.7294082399999999,13.347468665000001,14.853061649999999
2025-02-18,0.0,0.0,0.0,0.16184668,0.04046167,0.16184668,0.04046167,9.044865935000002,14.7709632725
2025-02-19,0.0,0.0,0.24178563,3.0418286,0.8209035575,3.0418286,0.8209035575,1.5907734675000018,14.950821162499999
2025-02-20,0.3639146,6.0374656,2.0111716,1.8835623,2.5740285249999997,6.0374656,2.5740285249999997,3.4353937525000013,16.9718735625
2025-02-21,0.0,0.0,0.0,5.5027866,1.37569665,5.5027866,1.37569665,4.770628732500002,18.158559067499997
2025-02-22,2.5669632,7.4742756,8.26485,8.795269,6.775339449999999,8.795269,6.775339449999999,10.725064625000002,20.590834117499995
2025-02-23,0.0,7.459759,0.54057884,0.5126921,2.1282574850000002,7.459759,2.1282574850000002,10.279293585000003,14.444095577499997
2025-02-24,0.0,0.8252277,3.0111039,5.6635394,2.37496775,5.6635394,2.37496775,11.278564685000003,16.0896550875
2025-02-25,3.7329571,2.2592611,4.5566764,7.6497316,4.54965655,7.6497316,4.54965655,9.052881785000004,20.598849967499998
2025-02-26,0.0,0.0,0.0,0.0,0.0,0.0,0.0,6.924624300000003,19.77794641
2025-02-27,0.0,0.0,0.0,0.0,0.0,0.0,0.0,4.5496565500000035,17.203917884999996
2025-02-28,0.33341888,0.0,3.4269454,3.6194904,1.84496367,3.6194904,1.84496367,1.8449636700000036,17.673184904999996
2025-03-01,0.3639146,0.0,0.95108944,3.1156592,1.1076658099999999,3.1156592,1.1076658099999999,2.9526294800000032,12.005511264999999
2025-03-02,0.0,4.429838,0.9817823,0.96462244,1.594060685,4.429838,1.594060685,4.546690165000004,11.471314464999997
2025-03-03,0.0,0.0,0.0,0.0,0.0,0.0,0.0,2.7017264950000035,9.096346714999997
2025-03-04,0.0,0.0,0.0,0.0,0.0,0.0,0.0,1.5940606850000036,4.5466901649999985
2025-03-05,0.0,0.0,0.0,0.0,0.0,0.0,0.0,0.0,4.5466901649999985
2025-03-06,0.0,0.0,1.0811577,1.6727709,0.68848215,1.6727709,0.68848215,0.6884821500000036,5.235172314999998
2025-03-07,0.0,0.0,0.12029952,0.17219202,0.073122885,0.17219202,0.073122885,0.7616050350000035,3.463331529999998
2025-03-08,0.0,0.0,2.1468933,4.7776804,1.731143425,4.7776804,1.731143425,2.4927484600000036,4.086809144999998
2025-03-09,0.43043223,0.0,1.9591082,9.168025,2.8893913575,9.168025,2.8893913575,4.693657667500004,5.382139817499998
2025-03-10,0.0,0.0,0.0,0.0,0.0,0.0,0.0,4.620534782500004,5.382139817499998
2025-03-11,0.0,0.0,0.1503744,0.79519063,0.2363912575,0.79519063,0.2363912575,3.125782615000004,5.618531074999998
2025-03-12,0.0,0.2708312,3.774901,3.5088673,1.888649875,3.774901,1.888649875,2.1250411325000034,7.507180949999998
2025-03-13,5.258624,5.456673,9.515363,10.185469,7.6040322499999995,10.185469,7.6040322499999995,9.729073382500003,14.422731049999998
2025-03-14,0.0,0.5683764,24.638676,28.38286,13.3974781,28.38286,13.3974781,22.890160225000002,27.747086265
2025-03-15,0.0,0.0,5.226913,12.730353,4.489316499999999,12.730353,4.489316499999999,25.49082685,30.50525934
2025-03-16,0.0,0.0,8.05907,7.6540475,3.928279375,8.05907,3.928279375,21.815073975,31.544147357499998
2025-03-17,0.0,0.0,5.1988797,10.324901,3.880945175,10.324901,3.880945175,12.298541050000003,35.425092532499995
2025-03-18,0.0,0.0,0.0,0.0,0.0,0.0,0.0,7.809224550000003,35.188701275
2025-03-19,0.0,0.0,0.0,0.0,0.0,0.0,0.0,3.8809451750000035,33.300051399999994
2025-03-20,0.0,0.0,0.0,0.0,0.0,0.0,0.0,0.0,25.696019149999998
2025-03-21,0.0,0.0,0.0,0.0,0.0,0.0,0.0,0.0,12.298541049999997
2025-03-22,0.0,2.9619894,0.0,1.6724156,1.15860125,2.9619894,1.15860125,1.1586012500000036,8.967825799999998
2025-03-23,1.6376157,7.517732,1.2600689,3.9153383,3.582688725,7.517732,3.582688725,4.7412899750000035,8.622235149999998
2025-03-24,0.17731486,0.535512,0.42243534,0.35666212,0.37298107999999996,0.535512,0.37298107999999996,5.114271055000004,5.114271054999998
2025-03-25,0.0,0.0,0.0,0.0,0.0,0.0,0.0,3.955669805000004,5.114271054999998
2025-03-26,0.0,0.0,0.0,0.0,0.0,0.0,0.0,0.37298108000000396,5.114271054999998
2025-03-27,0.0,0.0,0.0,0.0,0.0,0.0,0.0,0.0,5.114271054999998
2025-03-28,0.0,0.0,0.0,0.0,0.0,0.0,0.0,0.0,5.114271054999998
2025-03-29,0.0,0.0,6.5533776,7.5351233,3.522125225,7.5351233,3.522125225,3.522125225000004,7.477795029999998
2025-03-30,0.0,0.0,16.056763,14.73189,7.69716325,16.056763,7.69716325,11.219288475000004,11.592269554999998
2025-03-31,0.0,0.0,0.0,0.0,0.0,0.0,0.0,11.219288475000003,11.219288474999997
2025-04-01,0.0,0.0,0.0,0.0,0.0,0.0,0.0,7.697163250000004,11.219288474999997
2025-04-02,0.0,0.0,0.0,0.0,0.0,0.0,0.0,0.0,11.219288474999997
2025-04-03,0.0,0.0,0.0,0.0,0.0,0.0,0.0,0.0,11.219288474999997
2025-04-04,0.0,0.0,0.0,2.7513933,0.687848325,2.7513933,0.687848325,0.6878483250000036,11.907136799999996
2025-04-05,0.0,0.0,0.0,0.0,0.0,0.0,0.0,0.6878483250000036,8.385011574999996
2025-04-06,0.0,0.0,0.0,0.0,0.0,0.0,0.0,0.6878483250000036,0.6878483249999983
2025-04-07,0.0,0.0,0.0,0.0,0.0,0.0,0.0,0.0,0.6878483249999983
2025-04-08,0.1819573,0.0,10.311999,9.468067,4.990505825,10.311999,4.990505825,4.990505825000003,5.678354149999998
2025-04-09,1.5595099,9.575038,5.697209,7.136953,5.992177475,9.575038,5.992177475,10.982683300000003,11.670531624999999
2025-04-10,4.5944867,10.404493,1.4428425,9.442315,6.4710343,10.404493,6.4710343,17.453717600000004,18.141565925
2025-04-11,7.5451093,4.806867,10.041788,8.738,7.782941075,10.041788,7.782941075,20.246152850000005,25.236658674999997
2025-04-12,3.696825,0.0,3.9209416,5.321022,3.2346971499999997,5.321022,3.2346971499999997,17.488672525000005,28.471355824999996
2025-04-13,11.119681,15.950136,10.535253,23.152306,15.189343999999998,23.152306,15.189343999999998,26.206982225000004,43.660699824999995
2025-04-14,0.0,0.0,2.2413442,4.0455885,1.5717331749999999,4.0455885,1.5717331749999999,19.995774325000003,45.23243299999999
2025-04-15,0.0,0.0,0.0,0.0,0.0,0.0,0.0,16.761077175000004,40.241927174999994
2025-04-16,9.645918,0.0,8.998114,6.006225,6.16256425,9.645918,6.16256425,7.734297425000003,40.41231395
2025-04-17,3.18789,64.2207,15.713748,12.751972,23.968577499999995,64.2207,23.968577499999995,30.131141749999998,57.90985714999999
2025-04-18,5.5380797,7.0576406,20.960478,16.64913,12.551332075,20.960478,12.551332075,42.682473824999995,62.67824814999999
2025-04-19,0.4838634,0.0,0.0,0.0,0.12096585,0.4838634,0.12096585,36.640875425000004,59.56451685
2025-04-20,0.54434633,0.0,1.53305,1.4881979,0.8913985575000001,1.53305,0.8913985575000001,13.563696482500003,45.266571407499995
2025-04-21,3.270733,25.948753,3.9759674,1.0989773,8.573607675,25.948753,8.573607675,9.585972082500003,52.26844590749999
2025-04-22,0.45489326,3.3401995,51.28947,46.89084,25.493850690000002,51.28947,25.493850690000002,34.958856922500004,77.76229659749998
2025-04-23,0.0,1.3153366,3.4707487,11.324226,4.027577825,11.324226,4.027577825,38.09503619,75.62731017249999
2025-04-24,0.0,0.0,16.250517,18.293272,8.635947250000001,18.293272,8.635947250000001,38.157375765000005,60.2946799225
2025-04-25,0.0,0.0,0.0,0.0,0.0,0.0,0.0,12.663525075,47.743347847500004
2025-04-26,0.0,0.0,0.54134786,0.53209406,0.26836048,0.54134786,0.26836048,8.904307730000001,47.8907424775
2025-04-27,0.0,1.5091699,0.6112662,8.740885,2.7153302750000003,8.740885,2.7153302750000003,2.9836907550000005,49.714674195
2025-04-28,24.38297,15.5538645,30.794968,29.334011,25.016453375,30.794968,25.016453375,28.000144130000002,66.15751989500001
2025-04-29,1.9656104,0.26543725,8.739999,9.413223,5.0960674125,9.413223,5.0960674125,32.8278510625,45.7597366175
2025-04-30,0.5279194,0.51742846,1.0980122,0.8388191,0.7455447900000001,1.0980122,0.7455447900000001,30.8580655775,42.4777035825
2025-05-01,3.105128,0.9641431,5.6546903,9.923724,4.91192135,9.923724,4.91192135,10.7535335525,38.7536776825
2025-05-02,1.4586866,0.0,5.468653,4.1948686,2.78055205,5.468653,2.78055205,8.438018190000001,41.5342297325
2025-05-03,1.7335422,0.3146151,6.0527086,6.7922397,3.7232764,6.7922397,3.7232764,11.4157498,44.9891456525
2025-05-04,0.0,0.15223312,0.2986408,1.4204868,0.46784018,1.4204868,0.46784018,6.97166863,42.7416555575
2025-05-05,8.138721,20.467255,9.508396,15.129691,13.311015750000001,20.467255,13.311015750000001,17.502132330000002,31.0362179325
2025-05-06,5.3796706,16.391005,5.7072053,7.250267,8.682036975,16.391005,8.682036975,22.460892905,34.622187495000006
2025-05-07,0.37673575,0.0,22.008823,16.832458,9.804504187500001,22.008823,9.804504187500001,31.797556912500003,43.6811468925
2025-05-08,0.0,0.48237672,0.0,0.0,0.12059418,0.48237672,0.12059418,18.607135342500005,38.8898197225
2025-05-09,42.0862,68.20348,21.77564,9.360444,35.356441000000004,68.20348,35.356441000000004,45.2815393675,71.4657086725
2025-05-10,4.788673,4.190105,8.013314,21.047096,9.509796999999999,21.047096,9.509796999999999,44.98683218,77.2522292725
2025-05-11,3.094476,10.455622,12.1797905,7.540274,8.317540625,12.1797905,8.317540625,53.183778625,85.10192971750001
2025-05-12,4.3040633,9.98321,29.853798,25.629517,17.442647075,29.853798,17.442647075,35.269984699999995,89.23356104250001
2025-05-13,6.359657,74.389465,45.090187,47.141083,43.245098,74.389465,43.245098,69.0052857,123.79662206750001
2025-05-14,0.1266391,5.46089,13.457481,9.328475,7.093371274999999,13.457481,7.093371274999999,67.78111634999999,121.085489155
2025-05-15,0.0,10.254768,21.923386,16.364096,12.135562499999999,21.923386,12.135562499999999,62.474031775,133.10045747499998
2025-05-16,12.317216,27.766764,32.97989,23.415459,24.119832249999998,32.97989,24.119832249999998,43.348766024999996,121.863848725
2025-05-17,16.654636,13.71052,31.795063,18.714104,20.21858075,31.795063,20.21858075,56.473975499999995,132.572632475
2025-05-18,42.470036,29.740044,2.8711393,3.3659153,19.61178365,42.470036,19.61178365,63.95019665,143.8668755
2025-05-19,14.86572,5.4458985,19.267294,22.905533,15.621111375,22.905533,15.621111375,55.451475775,142.0453398
2025-05-20,2.308502,2.805281,2.7698529,2.6799643,2.64090005,2.805281,2.64090005,37.873795075,101.44114185
2025-05-21,15.356427,72.663025,52.848843,60.769306,50.40940025,72.663025,50.40940025,68.671411675,144.757170825
2025-05-22,17.989412,14.078572,2.3478081,3.1452394,9.390257875000001,17.989412,9.390257875000001,62.440558175,142.01186620000001
2025-05-23,0.0,0.0,0.17641468,1.2720125,0.362106795,1.2720125,0.362106795,60.161764919999996,118.254140745
2025-05-24,0.0,0.6620733,1.057822,16.306482,4.506594325,16.306482,4.506594325,14.258958995,102.54215432000001
2025-05-25,0.87812436,3.8114598,0.5000724,0.3691989,1.3897138649999998,3.8114598,1.3897138649999998,6.258414985,84.32008453499999
2025-05-26,4.627775,6.722354,1.7835122,2.8026538,3.98407375,6.722354,3.98407375,9.88038194,72.68304691
2025-05-27,1.9879394,11.935564,2.4962623,3.1163273,4.88402325,11.935564,4.88402325,10.257810865,74.92617011
2025-05-28,0.0,0.0,0.5028422,3.3446977,0.961884975,3.3446977,0.961884975,9.829981975,25.478654835
2025-05-29,41.616478,12.080258,22.103777,24.80554,25.15151325,41.616478,25.15151325,30.997421475000003,41.23991021
2025-05-30,69.51427,17.950554,4.7497125,12.671628,26.221541124999998,69.51427,26.221541124999998,52.33493935,67.09934454
2025-05-31,27.785706,44.284313,2.4434693,14.045626,22.139778575,44.284313,22.139778575,73.51283295,84.73252879
2025-06-01,1.850164,25.02096,0.2055863,7.5754256,8.663033975,25.02096,8.663033975,57.02435367500001,92.00584889999999
2025-06-02,5.053593,57.383877,1.5183097,22.282835,21.559653675,57.383877,21.559653675,52.362466225000006,109.581428825
2025-06-03,0.0,0.4829694,10.287448,5.258011,4.0071071,10.287448,4.0071071,34.22979475,108.704512675
2025-06-04,4.944514,17.816425,6.3237724,9.884506,9.74230435,17.816425,9.74230435,35.309065125000004,117.48493205
2025-06-05,1.9724143,7.367829,23.178669,16.347555,12.216616825,23.178669,12.216616825,25.966028275000006,104.550035625
2025-06-06,1.5242699,16.387445,1.8517817,7.099432,6.71573215,16.387445,6.71573215,28.67465332500001,85.04422665
2025-06-07,0.0,1.1214151,0.7824145,4.0612783,1.491276975,4.0612783,1.491276975,20.423625950000005,64.39572505
2025-06-08,2.8737516,41.988724,1.0127306,16.773,15.662051549999997,41.988724,15.662051549999997,23.869060675000004,71.39474262499999
2025-06-09,0.0,0.0,0.0,0.0,0.0,0.0,0.0,17.153328525000003,49.83508895
2025-06-10,0.0,0.0,0.0,0.0,0.0,0.0,0.0,15.662051550000005,45.82798185
2025-06-11,1.8205417,4.180085,11.282018,13.524642,7.701821675,13.524642,7.701821675,7.701821675000007,43.787499175
2025-06-12,3.1804338,0.17462355,1.7294357,1.2867458,1.5928097125,3.1804338,1.5928097125,9.294631387500006,33.1636920625
2025-06-13,0.0,7.4157276,3.1067345,3.3584304,3.470223125,7.4157276,3.470223125,12.764854512500007,29.918183037499993
2025-06-14,6.781244,0.0,0.0,0.0,1.695311,6.781244,1.695311,6.758343837500007,30.122217062499995
2025-06-15,50.443104,29.174177,9.271412,20.089417,27.244527499999997,50.443104,27.244527499999997,32.410061625000004,41.704693012499995
2025-06-16,14.218957,1.900085,1.6983664,6.11994,5.9843371,14.218957,5.9843371,34.924175600000005,47.68903011249999
2025-06-17,17.877304,2.925664,14.701815,12.56742,12.01805075,17.877304,12.01805075,45.24691535000001,59.70708086249999
2025-06-18,8.278306,4.372253,23.382492,23.894262,14.98182825,23.894262,14.98182825,32.98421610000001,66.9870874375
2025-06-19,116.848274,51.012424,39.199097,49.475235,64.1337575,116.848274,64.1337575,91.13363650000001,129.528035225
2025-06-20,15.196166,8.091168,12.11206,10.341836,11.4353075,15.196166,11.4353075,90.55089325,137.4931196
2025-06-21,6.5997915,27.41936,7.416544,12.94065,13.594086375,27.41936,13.594086375,89.163151375,149.39189497499999
2025-06-22,19.479519,31.31025,29.50137,23.863056,26.03854875,31.31025,26.03854875,51.067942625,148.185916225
2025-06-23,35.533283,47.98175,39.48784,48.62748,42.907588249999996,48.62748,42.907588249999996,82.540223375,185.109167375
2025-06-24,98.416145,28.837465,11.857225,29.36946,42.12007375,98.416145,42.12007375,111.06621075,215.211190375
2025-06-25,29.869455,18.46891,6.0300064,9.806197,16.0436421,29.869455,16.0436421,101.07130409999999,216.273004225
2025-06-26,29.837896,11.111131,40.337948,16.088129,24.343776,40.337948,24.343776,82.50749185000001,176.483022725
2025-06-27,11.283934,8.0863,9.760611,14.670622,10.95036675,14.670622,10.95036675,51.33778485,175.998081975
2025-06-28,3.234232,8.362975,9.09159,23.166208,10.963751250000001,23.166208,10.963751250000001,46.257894,173.36774685
2025-06-29,10.3189125,5.549959,5.0016093,5.7577605,6.657060325000001,10.3189125,6.657060325000001,28.571178325,153.986258425
2025-06-30,10.84932,1.5931715,4.8792095,1.590825,4.7281315,10.84932,4.7281315,22.348943075,115.806801675
2025-07-01,22.064938,1.8098588,17.879856,7.358135,12.27819695,22.064938,12.27819695,23.663388775,85.96492487500001
2025-07-02,30.47254,31.93462,14.031702,29.271812,26.4276685,31.93462,26.4276685,43.43399695,96.348951275
2025-07-03,16.45492,18.2628,6.192771,10.1224785,12.758242375,18.2628,12.758242375,51.464107825,84.76341765000001
2025-07-04,9.235849,15.517175,28.076944,22.734144,18.891028,28.076944,18.891028,58.076938875,92.7040789
2025-07-05,24.387648,42.32906,14.533104,17.804256,24.763516999999997,42.32906,24.763516999999997,56.41278737499999,106.50384464999999
2025-07-06,3.6113393,7.3230367,2.2854235,7.4400516,5.164962775,7.4400516,5.164962775,48.819507775,105.0117471
2025-07-07,18.329123,41.035927,5.501413,19.499653,21.091528999999998,41.035927,21.091528999999998,51.020008774999994,121.37514459999998
2025-07-08,21.997467,5.926577,13.733266,26.050781,16.92702275,26.050781,16.92702275,43.18351452499999,126.0239704
2025-07-09,102.11413,29.784718,19.721199,28.3909,45.00273675,102.11413,45.00273675,83.0212885,144.59903864999998
2025-07-10,53.127323,9.451081,23.48217,37.55889,30.904866,53.127323,30.904866,92.83462549999999,162.74566227499997
2025-07-11,3.2623,8.898603,6.823976,5.908832,6.22342775,8.898603,6.22342775,82.1310305,150.07806202499998
2025-07-12,0.37673575,0.0,0.0,0.0,0.0941839375,0.37673575,0.0941839375,37.22247768749999,125.40872896249999
2025-07-13,0.0,10.058227,4.6102247,6.156191,5.206160675,10.058227,5.206160675,11.523772362499994,125.44992686249999
2025-07-14,21.159704,13.9996805,3.3833468,11.589534,12.533066325,21.159704,12.533066325,17.833410937499995,116.89146418749999
2025-07-15,98.21545,70.51773,46.259853,44.67055,64.91589575,98.21545,64.91589575,82.65512275,164.8803371875
2025-07-16,43.33228,41.607723,11.666796,22.19899,29.701447249999998,43.33228,29.701447249999998,107.150409325,149.5790476875
2025-07-17,10.082595,12.46339,15.742485,11.012398,12.325217,15.742485,12.325217,106.94256,130.99939868750002
2025-07-18,10.32058,34.42541,0.84739506,12.475931,14.517329014999998,34.42541,14.517329014999998,56.543993265,139.29329995249998
2025-07-19,14.543757,52.011795,1.9058503,1.4171233,17.4696314,52.011795,17.4696314,44.312177414999994,156.66874741499998
2025-07-20,42.867756,91.89048,34.73043,67.69049,59.29478900000001,91.89048,59.29478900000001,91.28174941500001,210.75737574
2025-07-21,0.45208293,0.0,0.46586508,0.16385278,0.2704501975,0.46586508,0.2704501975,77.0348705975,198.49475961250002
2025-07-22,12.836753,50.236156,22.776707,35.00619,30.2139515,50.236156,30.2139515,89.7791906975,163.7928153625
2025-07-23,2.6073205,38.18802,10.1091585,37.225826,22.03258125,38.18802,22.03258125,52.5169829475,156.1239493625
2025-07-24,0.0,0.0,0.6492311,9.416041,2.516318025,9.416041,2.516318025,54.762850775,146.31505038749998
2025-07-25,13.94321,8.863719,12.744447,10.48522,11.509148999999999,13.94321,11.509148999999999,36.05804827499999,143.30687037250001
2025-07-26,89.912094,13.100716,15.418287,24.025932,35.61425725,89.912094,35.61425725,49.63972427499999,161.4514962225
2025-07-27,7.600017,8.799107,6.2529693,5.983199,7.158823075,8.799107,7.158823075,54.282229324999996,109.3155302975
2025-07-28,29.46295,43.09548,11.550628,26.794498,27.725889000000002,43.09548,27.725889000000002,70.49896932499999,136.7709691
2025-07-29,41.017437,14.612022,92.68277,86.99304,58.82631725,92.68277,58.82631725,93.711029325,165.38333485
2025-07-30,17.949284,22.611614,38.383106,38.147972,29.272993999999997,38.383106,29.272993999999997,115.82520025,172.6237476
2025-07-31,92.02769,11.890334,25.282944,34.823875,41.006210749999994,92.02769,41.006210749999994,129.105522,211.113640325
2025-08-01,10.617213,5.1504455,1.6340301,0.7625958,4.5410711,10.617213,4.5410711,74.82027584999997,204.14556242499998
2025-08-02,29.71818,32.636124,43.89271,55.24088,40.3719735,55.24088,40.3719735,85.91925534999999,208.90327867500002
2025-08-03,34.681152,17.457624,22.412819,18.279343,23.207734499999997,34.681152,23.207734499999997,68.1207791,224.9521901
2025-08-04,9.863751,5.012594,8.611357,5.7022295,7.297482875,9.863751,7.297482875,70.877190875,204.523783975
2025-08-05,3.965717,5.778825,11.434513,7.8807635,7.2649546250000006,11.434513,7.2649546250000006,37.77017199999999,152.96242134999997
2025-08-06,5.0493684,14.683417,4.3281007,13.287384,9.337067525,14.683417,9.337067525,23.899505024999993,133.026494875
2025-08-07,0.73724115,6.5707045,2.254525,2.289802,2.9630681625,6.5707045,2.9630681625,19.565090312499994,94.98335228749998
2025-08-08,54.255024,34.06051,17.809908,26.259136,33.0961445,54.255024,33.0961445,45.3962801875,123.5384256875
2025-08-09,44.493813,41.691456,29.885096,35.40168,37.86801125,44.493813,37.86801125,73.9272239125,121.0344634375
2025-08-10,1.5387981,9.951069,7.1155276,6.215512,6.205226675,9.951069,6.205226675,77.169382425,104.0319556125
2025-08-11,4.442135,34.52096,13.583527,5.098115,14.41118425,34.52096,14.41118425,58.48442217499999,111.1456569875
2025-08-12,33.056156,16.753387,18.943104,11.952355,20.176250500000002,33.056156,20.176250500000002,40.79266142499999,124.0569528625
2025-08-13,41.95997,42.745625,7.2209663,8.641536,25.142024324999998,42.745625,25.142024324999998,59.729459074999994,139.8619096625
2025-08-14,101.042206,118.30779,50.292027,87.96195,89.40099325,118.30779,89.40099325,134.719268075,226.29983475
2025-08-15,7.161381,0.11163762,2.8646407,3.4549658,3.3981562800000003,7.161381,3.3981562800000003,117.94117385499999,196.60184653000002
2025-08-16,1.9629785,3.6087773,0.0,0.0,1.39293895,3.6087773,1.39293895,94.19208848,160.12677423
2025-08-17,1.9590257,0.4540212,17.878382,14.845157,8.784146475,17.878382,8.784146475,13.575241705,162.70569403
2025-08-18,15.740796,2.016902,19.066456,26.681494,15.876411999999998,26.681494,15.876411999999998,26.053497424999996,164.17092178000001
2025-08-19,4.838557,5.537897,11.705867,9.852389,7.983677500000001,11.705867,7.983677500000001,32.644235975,151.97834878
2025-08-20,12.395373,2.5809004,4.017287,19.807953,9.700378350000001,19.807953,9.700378350000001,33.560467849999995,136.536702805
2025-08-21,30.130142,109.10046,4.496116,44.05194,46.9446645,109.10046,46.9446645,64.62872035000001,94.080374055
2025-08-22,33.317245,25.672096,24.213177,18.14582,25.3370845,33.317245,25.3370845,81.98212735,116.019302275
2025-08-23,12.917853,10.280393,11.32486,9.110044,10.9082875,12.917853,10.9082875,83.19003649999999,125.534650825
2025-08-24,22.135496,18.4215,10.848185,11.934831,15.835003,22.135496,15.835003,52.08037499999999,132.58550735
2025-08-25,18.259903,8.074241,11.542661,17.704433,13.895309500000002,18.259903,13.895309500000002,40.6386,130.60440485
2025-08-26,0.7832465,6.4249983,1.5333647,9.999683,4.685323125,9.999683,4.685323125,34.41563562499999,127.306050475
2025-08-27,0.0,6.609161,0.6431608,14.807678,5.51499995,14.807678,5.51499995,24.095632574999996,123.120672075
2025-08-28,9.872099,18.678465,20.812183,20.132555,17.3738255,20.812183,17.3738255,27.574148574999988,93.549833075
2025-08-29,11.350671,17.542696,2.6586938,7.6666327,9.804673375,17.542696,9.804673375,32.69349882499999,78.01742195
2025-08-30,5.381894,65.22222,7.825395,9.830926,22.06510875,65.22222,22.06510875,49.24360762499999,89.1742432
2025-08-31,0.37447357,7.932742,5.118806,5.354173,4.6950486425,7.932742,4.6950486425,36.56483076749999,78.0342888425
2025-09-01,4.596176,1.5475804,16.813177,24.057117,11.7535126,24.057117,11.7535126,38.51366999249999,75.8924919425
2025-09-02,18.301355,3.3835678,1.1749287,1.0982852,5.989534175,18.301355,5.989534175,22.43809541749999,77.1967029925
2025-09-03,0.97570986,0.0,2.3141642,1.6765198,1.241598465,2.3141642,1.241598465,18.98464523999999,72.9233015075
2025-09-04,11.082553,8.003476,6.625484,5.478218,7.7974327500000005,11.082553,7.7974327500000005,15.02856538999999,63.3469087575
2025-09-05,0.37673575,0.5696885,0.0,5.919284,1.7164270625,5.919284,1.7164270625,10.75545827749999,55.258662445
2025-09-06,4.9167027,1.1488526,36.149685,33.540813,18.939013324999998,36.149685,18.939013324999998,28.452873137499985,52.132567019999996
2025-09-07,12.734664,0.0,4.2508664,4.632233,5.40444085,12.734664,5.40444085,26.059881237499987,52.8419592275
2025-09-08,22.67572,49.115223,46.12931,50.20525,42.03137575,50.20525,42.03137575,66.37482992499999,83.11982237750001
2025-09-09,1.5242699,13.195988,0.891899,0.0,3.903039225,13.195988,3.903039225,51.33885582499999,81.0333274275
2025-09-10,24.747076,9.379818,8.082897,13.117734,13.83188125,24.747076,13.83188125,59.76629622499999,93.62361021250001
2025-09-11,14.506618,10.290136,0.6680323,3.2464364,7.177805675,14.506618,7.177805675,24.912726149999987,93.00398313750001
2025-09-12,0.0,6.714135,20.317656,19.932049,11.74096,20.317656,11.74096,32.750646924999984,103.02851607500001
2025-09-13,6.6873827,36.305004,2.79487,15.800053,15.396827425,36.305004,15.396827425,34.31559309999999,99.486330175
2025-09-14,40.89405,80.467804,30.196081,47.07074,49.65716875,80.467804,49.65716875,76.79495617499998,143.739058075
2025-09-15,34.132164,34.423668,7.4611135,6.708079,20.681256125,34.423668,20.681256125,85.73525229999998,122.38893845000001
2025-09-16,82.63906,52.9937,67.348656,54.167595,64.28725275,82.63906,64.28725275,134.62567762499998,182.77315197500002
2025-09-17,21.53439,31.236221,12.760278,25.736027,22.816729000000002,31.236221,22.816729000000002,107.78523787499998,191.757999725
2025-09-18,5.698898,2.4680135,4.657587,8.473549,5.324511875000001,8.473549,5.324511875000001,92.42849362499999,189.904705925
2025-09-19,44.504356,81.69936,7.3943424,12.174664,36.443180600000005,81.69936,36.443180600000005,64.584421475,214.606926525
2025-09-20,1.3409474,3.07828,0.911023,1.4390463,1.692324175,3.07828,1.692324175,43.46001664999999,200.902423275
2025-09-21,1.2067326,39.273937,0.17502978,15.393707,14.012351595,39.273937,14.012351595,52.14785636999999,165.25760612000002
2025-09-22,0.502915,0.0,8.024246,6.402378,3.7323847499999996,8.024246,3.7323847499999996,19.437060519999985,148.308734745
2025-09-23,5.2351604,36.597507,6.111838,23.505632,17.862534349999997,36.597507,17.862534349999997,35.60727069499998,101.88401634500002
2025-09-24,0.0,2.090299,2.489194,1.8081234,1.5969040999999997,2.489194,1.5969040999999997,23.191823199999984,80.664191445
2025-09-25,4.13929,16.674498,23.12999,35.008625,19.73810075,35.008625,19.73810075,39.19753919999998,95.07778032000002
2025-09-26,0.0,0.0,0.0,0.0,0.0,0.0,0.0,21.335004849999986,58.63459972000001
2025-09-27,0.0,0.0,9.127718,7.8982377,4.256488925,9.127718,4.256488925,23.994589674999986,61.19876447000001
2025-09-28,0.0,7.9198284,0.0,1.7706734,2.42262545,7.9198284,2.42262545,6.679114374999986,49.60903832500001
2025-09-29,0.23211463,0.73071903,0.2696238,6.190992,1.855862365,6.190992,1.855862365,8.534976739999985,47.732515940000006
2025-09-30,3.541316,0.82073057,26.78957,21.967945,13.2798903925,26.78957,13.2798903925,17.558378207499985,43.14987198250002
2025-10-01,0.17806563,4.6151395,0.0,16.310972,5.2760442825,16.310972,5.2760442825,20.411797039999986,46.82901216500001
2025-10-02,1.6164284,118.96,0.14585815,45.304214,41.506625137499995,118.96,41.506625137499995,60.062559812499984,68.5975365525
2025-10-03,25.554161,11.940847,1.520524,4.6544056,10.9174844,25.554161,10.9174844,57.70015381999998,79.51502095250001
2025-10-04,1.5312119,10.100327,1.28642,7.833486,5.187861225,10.100327,5.187861225,57.61197076249998,80.4463932525
2025-10-05,138.2268,297.0447,105.09213,177.44128,179.4512275,297.0447,179.4512275,195.55657312499997,257.4749953025
2025-10-06,0.47566113,2.2817466,0.0,0.7410343,0.8746105074999999,2.2817466,0.8746105074999999,185.51369923249996,256.493743445
2025-10-07,0.0,0.82945853,1.5112964,1.0977893,0.8596360575,1.5112964,0.8596360575,181.18547406499997,244.07348911
2025-10-08,0.0,0.0,0.0,0.0,0.0,0.0,0.0,1.7342465649999714,238.7974448275
2025-10-09,1.7425699,20.2882,0.0,0.0,5.507692475,20.2882,5.507692475,6.367328532499972,202.798512165
2025-10-10,0.0,0.0,0.0,0.0,0.0,0.0,0.0,5.5076924749999705,191.881027765
2025-10-11,0.0,0.0,0.0,0.0,0.0,0.0,0.0,5.5076924749999705,186.69316654
2025-10-12,0.0,0.0,0.0,0.0,0.0,0.0,0.0,0.0,7.24193904
2025-10-13,0.0,0.0,0.0,0.0,0.0,0.0,0.0,0.0,6.3673285325
2025-10-14,0.0,2.805281,0.0,3.886835,1.673029,3.886835,1.673029,1.6730289999999708,7.180721475
2025-10-15,0.0,0.0,0.0,0.0,0.0,0.0,0.0,1.6730289999999708,7.180721475
2025-10-16,0.0,0.0,0.0,0.0,0.0,0.0,0.0,1.6730289999999708,1.673029
2025-10-17,0.0,0.0,0.0,0.0,0.0,0.0,0.0,0.0,1.673029
2025-10-18,0.0,0.0,0.0,0.0,0.0,0.0,0.0,0.0,1.673029
2025-10-19,0.0,0.0,0.0,0.0,0.0,0.0,0.0,0.0,1.673029
2025-10-20,0.0,0.0,0.0,0.0,0.0,0.0,0.0,0.0,1.673029
2025-10-21,0.0,0.0,0.0,0.0,0.0,0.0,0.0,0.0,0.0
2025-10-22,0.0,0.0,0.0,0.0,0.0,0.0,0.0,0.0,0.0
2025-10-23,0.0,0.0,0.0,0.0,0.0,0.0,0.0,0.0,0.0
2025-10-24,0.0,0.0,0.0,0.0,0.0,0.0,0.0,0.0,0.0
2025-10-25,0.0,0.0,0.0,0.0,0.0,0.0,0.0,0.0,0.0
2025-10-26,0.0,0.6380451,0.0,0.0,0.159511275,0.6380451,0.159511275,0.1595112749999707,0.159511275
2025-10-27,0.0,0.0,0.0,0.0,0.0,0.0,0.0,0.1595112749999707,0.159511275
2025-10-28,0.0,0.0,0.0,0.0,0.0,0.0,0.0,0.1595112749999707,0.159511275
2025-10-29,0.0,0.0,0.0,0.0,0.0,0.0,0.0,0.0,0.159511275
2025-10-30,7.342594,3.9357336,3.3931696,4.0180254,4.67238065,7.342594,4.67238065,4.672380649999971,4.831891925
2025-10-31,63.311707,46.22176,41.986954,39.18793,47.67708775,63.311707,47.67708775,52.34946839999997,52.508979675
2025-11-01,80.076675,56.386765,35.47424,43.41927,53.839237499999996,80.076675,53.839237499999996,106.18870589999997,106.348217175
2025-11-02,23.283922,14.496534,24.474344,19.888222,20.5357555,24.474344,20.5357555,122.05208074999997,126.7244614
2025-11-03,0.52318937,0.18335472,2.6559143,2.3495083,1.4279916725000001,2.6559143,1.4279916725000001,75.80298467249996,128.1524530725
2025-11-04,0.0,0.0,0.0,0.37208503,0.0930212575,0.37208503,0.0930212575,22.056768429999973,128.24547433
2025-11-05,0.0,0.0,0.0,0.0,0.0,0.0,0.0,1.5210129299999717,128.24547433
2025-11-06,0.0,0.0,0.0,0.0,0.0,0.0,0.0,0.09302125749997157,123.57309368
2025-11-07,8.863222,0.0,0.29729965,0.0,2.2901304125,8.863222,2.2901304125,2.2901304124999715,78.1861363425
2025-11-08,0.0,0.0,0.0,0.0,0.0,0.0,0.0,2.2901304124999715,24.3468988425
2025-11-09,0.0,0.0,0.0,0.0,0.0,0.0,0.0,2.2901304124999715,3.8111433425
2025-11-10,0.0,0.0,0.0,0.0,0.0,0.0,0.0,0.0,2.3831516699999997
2025-11-11,0.0,0.0,0.0,0.0,0.0,0.0,0.0,0.0,2.2901304125
2025-11-12,0.0,0.0,0.0,0.0,0.0,0.0,0.0,0.0,2.2901304125
2025-11-13,0.0,0.0,0.0,0.0,0.0,0.0,0.0,0.0,2.2901304125
2025-11-14,0.0,0.0,0.0,0.0,0.0,0.0,0.0,0.0,0.0
2025-11-15,0.0,0.0,0.0,0.0,0.0,0.0,0.0,0.0,0.0
2025-11-16,0.0,0.0,0.0,0.0,0.0,0.0,0.0,0.0,0.0
2025-11-17,0.0,0.0,0.0,0.0,0.0,0.0,0.0,0.0,0.0
2025-11-18,0.0,0.0,0.0,0.0,0.0,0.0,0.0,0.0,0.0
2025-11-19,0.0,0.0,0.0,0.0,0.0,0.0,0.0,0.0,0.0
2025-11-20,0.0,0.0,0.0,0.0,0.0,0.0,0.0,0.0,0.0
2025-11-21,0.0,0.0,0.0,0.0,0.0,0.0,0.0,0.0,0.0
2025-11-22,0.0,0.0,4.4050865,3.2383888,1.910868825,4.4050865,1.910868825,1.9108688249999717,1.910868825
2025-11-23,0.0,0.0,5.2831817,3.1807823,2.115991,5.2831817,2.115991,4.026859824999972,4.026859825000001
2025-11-24,0.0,0.0,0.0,0.0,0.0,0.0,0.0,4.026859824999972,4.026859825000001
2025-11-25,0.0,0.0,0.0,0.0,0.0,0.0,0.0,2.1159909999999718,4.026859825000001
2025-11-26,0.0,0.0,0.0,0.0,0.0,0.0,0.0,0.0,4.026859825000001
2025-11-27,0.0,0.0,0.0,0.0,0.0,0.0,0.0,0.0,4.026859825000001
2025-11-28,0.0,0.0,0.0,0.0,0.0,0.0,0.0,0.0,4.026859825000001
2025-11-29,0.0,0.0,0.0,0.0,0.0,0.0,0.0,0.0,2.115991
2025-11-30,0.0,0.0,0.0,0.0,0.0,0.0,0.0,0.0,0.0
2025-12-01,0.0,0.0,0.0,0.0,0.0,0.0,0.0,0.0,0.0
2025-12-02,0.0,0.0,0.0,0.0,0.0,0.0,0.0,0.0,0.0
2025-12-03,0.0,0.0,0.0,0.0,0.0,0.0,0.0,0.0,0.0
2025-12-04,0.0,0.0,0.0,0.0,0.0,0.0,0.0,0.0,0.0
2025-12-05,0.0,0.0,0.0,0.0,0.0,0.0,0.0,0.0,0.0
2025-12-06,0.0,0.0,0.0,0.0,0.0,0.0,0.0,0.0,0.0
2025-12-07,0.0,0.0,0.0,0.0,0.0,0.0,0.0,0.0,0.0
2025-12-08,0.0,0.0,0.0,0.0,0.0,0.0,0.0,0.0,0.0
2025-12-09,0.0,0.0,0.0,0.0,0.0,0.0,0.0,0.0,0.0
2025-12-10,0.0,0.0,0.0,0.0,0.0,0.0,0.0,0.0,0.0
2025-12-11,0.0,0.0,0.0,0.0,0.0,0.0,0.0,0.0,0.0
2025-12-12,0.0,0.0,0.0,0.0,0.0,0.0,0.0,0.0,0.0
2025-12-13,0.0,0.0,0.0,0.0,0.0,0.0,0.0,0.0,0.0
2025-12-14,0.0,0.0,0.0,0.0,0.0,0.0,0.0,0.0,0.0
2025-12-15,0.0,0.0,0.0,0.0,0.0,0.0,0.0,0.0,0.0
2025-12-16,0.0,0.0,0.0,0.0,0.0,0.0,0.0,0.0,0.0
2025-12-17,0.0,0.0,0.0,0.0,0.0,0.0,0.0,0.0,0.0
2025-12-18,0.0,0.0,0.0,0.0,0.0,0.0,0.0,0.0,0.0
2025-12-19,0.0,0.0,0.0,0.0,0.0,0.0,0.0,0.0,0.0
2025-12-20,0.0,0.0,0.0,0.0,0.0,0.0,0.0,0.0,0.0
2025-12-21,0.0,0.0,0.0,0.0,0.0,0.0,0.0,0.0,0.0
2025-12-22,0.0,0.0,0.0,0.0,0.0,0.0,0.0,0.0,0.0
2025-12-23,0.0,0.0,0.0,0.0,0.0,0.0,0.0,0.0,0.0
2025-12-24,0.0,0.0,0.0,0.0,0.0,0.0,0.0,0.0,0.0
2025-12-25,0.0,0.0,0.0,0.0,0.0,0.0,0.0,0.0,0.0
2025-12-26,0.0,0.0,0.0,0.0,0.0,0.0,0.0,0.0,0.0
2025-12-27,0.0,0.0,0.0,0.0,0.0,0.0,0.0,0.0,0.0
2025-12-28,0.0,0.0,0.0,0.0,0.0,0.0,0.0,0.0,0.0
2025-12-29,0.0,0.0,0.0,0.0,0.0,0.0,0.0,0.0,0.0
2025-12-30,0.0,0.0,0.0,0.0,0.0,0.0,0.0,0.0,0.0
2025-12-31,0.0,0.0,0.0,0.0,0.0,0.0,0.0,0.0,0.0
