timestamp,latitude,longitude,RAINFALL_MM
2023-01-01,27.0,88.25,0.0
2023-01-01,27.0,88.5,0.0
2023-01-01,27.25,88.25,0.0
2023-01-01,27.25,88.5,0.0
2023-01-02,27.0,88.25,0.0
2023-01-02,27.0,88.5,0.0
2023-01-02,27.25,88.25,0.0
2023-01-02,27.25,88.5,0.0
2023-01-03,27.0,88.25,0.0
2023-01-03,27.0,88.5,0.0
2023-01-03,27.25,88.25,0.0
2023-01-03,27.25,88.5,0.0
2023-01-04,27.0,88.25,0.0
2023-01-04,27.0,88.5,0.0
2023-01-04,27.25,88.25,0.0
2023-01-04,27.25,88.5,0.0
2023-01-05,27.0,88.25,0.0
2023-01-05,27.0,88.5,0.0
2023-01-05,27.25,88.25,0.0
2023-01-05,27.25,88.5,0.0
2023-01-06,27.0,88.25,0.0
2023-01-06,27.0,88.5,0.0
2023-01-06,27.25,88.25,0.0
2023-01-06,27.25,88.5,0.0
2023-01-07,27.0,88.25,0.0
2023-01-07,27.0,88.5,0.0
2023-01-07,27.25,88.25,0.0
2023-01-07,27.25,88.5,0.0
2023-01-08,27.0,88.25,0.0
2023-01-08,27.0,88.5,0.0
2023-01-08,27.25,88.25,0.0
2023-01-08,27.25,88.5,0.0
2023-01-09,27.0,88.25,0.0
2023-01-09,27.0,88.5,0.0
2023-01-09,27.25,88.25,0.0
2023-01-09,27.25,88.5,0.0
2023-01-10,27.0,88.25,0.0
2023-01-10,27.0,88.5,0.0
2023-01-10,27.25,88.25,0.0
2023-01-10,27.25,88.5,0.0
2023-01-11,27.0,88.25,0.0
2023-01-11,27.0,88.5,0.0
2023-01-11,27.25,88.25,0.0
2023-01-11,27.25,88.5,0.0
2023-01-12,27.0,88.25,0.0
2023-01-12,27.0,88.5,0.0
2023-01-12,27.25,88.25,0.0
2023-01-12,27.25,88.5,0.0
2023-01-13,27.0,88.25,0.0
2023-01-13,27.0,88.5,0.0
2023-01-13,27.25,88.25,0.0
2023-01-13,27.25,88.5,0.0
2023-01-14,27.0,88.25,0.0
2023-01-14,27.0,88.5,0.0
2023-01-14,27.25,88.25,0.0
2023-01-14,27.25,88.5,0.0
2023-01-15,27.0,88.25,0.0
2023-01-15,27.0,88.5,0.0
2023-01-15,27.25,88.25,0.38730973
2023-01-15,27.25,88.5,0.3961678
2023-01-16,27.0,88.25,0.0
2023-01-16,27.0,88.5,0.0
2023-01-16,27.25,88.25,0.0
2023-01-16,27.25,88.5,0.0
2023-01-17,27.0,88.25,0.0
2023-01-17,27.0,88.5,0.0
2023-01-17,27.25,88.25,0.0
2023-01-17,27.25,88.5,0.0
2023-01-18,27.0,88.25,0.0
2023-01-18,27.0,88.5,0.0
2023-01-18,27.25,88.25,0.0
2023-01-18,27.25,88.5,0.0
2023-01-19,27.0,88.25,0.0
2023-01-19,27.0,88.5,0.0
2023-01-19,27.25,88.25,0.35209972
2023-01-19,27.25,88.5,0.36015257
2023-01-20,27.0,88.25,0.0
2023-01-20,27.0,88.5,0.0
2023-01-20,27.25,88.25,0.0
2023-01-20,27.25,88.5,0.0
2023-01-21,27.0,88.25,0.0
2023-01-21,27.0,88.5,0.0
2023-01-21,27.25,88.25,0.0
2023-01-21,27.25,88.5,0.0
2023-01-22,27.0,88.25,0.0
2023-01-22,27.0,88.5,0.0
2023-01-22,27.25,88.25,0.0
2023-01-22,27.25,88.5,0.0
2023-01-23,27.0,88.25,0.0
2023-01-23,27.0,88.5,0.0
2023-01-23,27.25,88.25,0.0
2023-01-23,27.25,88.5,0.0
2023-01-24,27.0,88.25,0.0
2023-01-24,27.0,88.5,0.0
2023-01-24,27.25,88.25,0.0
2023-01-24,27.25,88.5,0.0
2023-01-25,27.0,88.25,0.0
2023-01-25,27.0,88.5,0.0
2023-01-25,27.25,88.25,0.0
2023-01-25,27.25,88.5,0.0
2023-01-26,27.0,88.25,0.0
2023-01-26,27.0,88.5,0.0
2023-01-26,27.25,88.25,0.0
2023-01-26,27.25,88.5,0.0
2023-01-27,27.0,88.25,0.0
2023-01-27,27.0,88.5,0.0
2023-01-27,27.25,88.25,0.0
2023-01-27,27.25,88.5,0.0
2023-01-28,27.0,88.25,0.0
2023-01-28,27.0,88.5,0.0
2023-01-28,27.25,88.25,0.0
2023-01-28,27.25,88.5,0.0
2023-01-29,27.0,88.25,0.0
2023-01-29,27.0,88.5,0.0
2023-01-29,27.25,88.25,0.0
2023-01-29,27.25,88.5,0.0
2023-01-30,27.0,88.25,0.0
2023-01-30,27.0,88.5,0.0
2023-01-30,27.25,88.25,0.0
2023-01-30,27.25,88.5,0.0
2023-01-31,27.0,88.25,0.0
2023-01-31,27.0,88.5,0.0
2023-01-31,27.25,88.25,0.0
2023-01-31,27.25,88.5,0.0
2023-02-01,27.0,88.25,0.0
2023-02-01,27.0,88.5,0.0
2023-02-01,27.25,88.25,0.0
2023-02-01,27.25,88.5,0.0
2023-02-02,27.0,88.25,0.0
2023-02-02,27.0,88.5,0.0
2023-02-02,27.25,88.25,0.0
2023-02-02,27.25,88.5,0.0
2023-02-03,27.0,88.25,0.0
2023-02-03,27.0,88.5,0.0
2023-02-03,27.25,88.25,0.0
2023-02-03,27.25,88.5,0.0
2023-02-04,27.0,88.25,0.0
2023-02-04,27.0,88.5,0.0
2023-02-04,27.25,88.25,0.0
2023-02-04,27.25,88.5,0.0
2023-02-05,27.0,88.25,0.0
2023-02-05,27.0,88.5,0.0
2023-02-05,27.25,88.25,0.0
2023-02-05,27.25,88.5,0.0
2023-02-06,27.0,88.25,0.0
2023-02-06,27.0,88.5,0.0
2023-02-06,27.25,88.25,0.0
2023-02-06,27.25,88.5,0.0
2023-02-07,27.0,88.25,0.0
2023-02-07,27.0,88.5,0.0
2023-02-07,27.25,88.25,0.0
2023-02-07,27.25,88.5,0.0
2023-02-08,27.0,88.25,0.90961266
2023-02-08,27.0,88.5,1.2566816
2023-02-08,27.25,88.25,2.232215
2023-02-08,27.25,88.5,1.490647
2023-02-09,27.0,88.25,0.98248255
2023-02-09,27.0,88.5,6.8392787
2023-02-09,27.25,88.25,3.8142054
2023-02-09,27.25,88.5,2.9279177
2023-02-10,27.0,88.25,0.7989491
2023-02-10,27.0,88.5,0.0
2023-02-10,27.25,88.25,9.924573
2023-02-10,27.25,88.5,6.215852
2023-02-11,27.0,88.25,0.0
2023-02-11,27.0,88.5,0.0
2023-02-11,27.25,88.25,1.9473957
2023-02-11,27.25,88.5,1.004853
2023-02-12,27.0,88.25,0.0
2023-02-12,27.0,88.5,0.0
2023-02-12,27.25,88.25,0.0
2023-02-12,27.25,88.5,0.0
2023-02-13,27.0,88.25,0.0
2023-02-13,27.0,88.5,0.0
2023-02-13,27.25,88.25,0.20875292
2023-02-13,27.25,88.5,2.908089
2023-02-14,27.0,88.25,0.0
2023-02-14,27.0,88.5,0.0
2023-02-14,27.25,88.25,0.0
2023-02-14,27.25,88.5,0.0
2023-02-15,27.0,88.25,0.0
2023-02-15,27.0,88.5,0.0
2023-02-15,27.25,88.25,0.0
2023-02-15,27.25,88.5,0.0
2023-02-16,27.0,88.25,0.0
2023-02-16,27.0,88.5,0.0
2023-02-16,27.25,88.25,0.0
2023-02-16,27.25,88.5,0.0
2023-02-17,27.0,88.25,0.0
2023-02-17,27.0,88.5,0.0
2023-02-17,27.25,88.25,0.0
2023-02-17,27.25,88.5,0.0
2023-02-18,27.0,88.25,0.0
2023-02-18,27.0,88.5,0.0
2023-02-18,27.25,88.25,0.0
2023-02-18,27.25,88.5,0.0
2023-02-19,27.0,88.25,0.0
2023-02-19,27.0,88.5,0.0
2023-02-19,27.25,88.25,0.0
2023-02-19,27.25,88.5,0.0
2023-02-20,27.0,88.25,1.309584
2023-02-20,27.0,88.5,0.0
2023-02-20,27.25,88.25,1.4024457
2023-02-20,27.25,88.5,1.3357333
2023-02-21,27.0,88.25,0.0
2023-02-21,27.0,88.5,0.0
2023-02-21,27.25,88.25,2.2062747
2023-02-21,27.25,88.5,1.8103694
2023-02-22,27.0,88.25,0.38983402
2023-02-22,27.0,88.5,8.088508
2023-02-22,27.25,88.25,0.28985423
2023-02-22,27.25,88.5,0.20724341
2023-02-23,27.0,88.25,0.5185783
2023-02-23,27.0,88.5,37.636288
2023-02-23,27.25,88.25,18.458271
2023-02-23,27.25,88.5,13.982333
2023-02-24,27.0,88.25,0.0
2023-02-24,27.0,88.5,0.0
2023-02-24,27.25,88.25,0.1391686
2023-02-24,27.25,88.5,1.4263722
2023-02-25,27.0,88.25,0.0
2023-02-25,27.0,88.5,0.0
2023-02-25,27.25,88.25,1.9937049
2023-02-25,27.25,88.5,3.8492458
2023-02-26,27.0,88.25,0.0
2023-02-26,27.0,88.5,0.0
2023-02-26,27.25,88.25,0.0
2023-02-26,27.25,88.5,2.0830631
2023-02-27,27.0,88.25,0.16376157
2023-02-27,27.0,88.5,0.0
2023-02-27,27.25,88.25,2.8167174
2023-02-27,27.25,88.5,2.6520681
2023-02-28,27.0,88.25,0.0
2023-02-28,27.0,88.5,0.0
2023-02-28,27.25,88.25,0.03479215
2023-02-28,27.25,88.5,0.035849206
2023-03-01,27.0,88.25,0.06497233
2023-03-01,27.0,88.5,0.27263683
2023-03-01,27.25,88.25,0.0
2023-03-01,27.25,88.5,0.0
2023-03-02,27.0,88.25,0.0
2023-03-02,27.0,88.5,0.0
2023-03-02,27.25,88.25,1.2750691
2023-03-02,27.25,88.5,2.1100757
2023-03-03,27.0,88.25,0.12096585
2023-03-03,27.0,88.5,0.71451485
2023-03-03,27.25,88.25,1.0663162
2023-03-03,27.25,88.5,2.4183488
2023-03-04,27.0,88.25,0.0
2023-03-04,27.0,88.5,0.0
2023-03-04,27.25,88.25,0.0
2023-03-04,27.25,88.5,0.0
2023-03-05,27.0,88.25,0.4185018
2023-03-05,27.0,88.5,0.0
2023-03-05,27.25,88.25,1.8783481
2023-03-05,27.25,88.5,1.2854806
2023-03-06,27.0,88.25,1.1671013
2023-03-06,27.0,88.5,0.0
2023-03-06,27.25,88.25,1.4355918
2023-03-06,27.25,88.5,0.20990579
2023-03-07,27.0,88.25,0.118272245
2023-03-07,27.0,88.5,0.0
2023-03-07,27.25,88.25,0.5681914
2023-03-07,27.25,88.5,0.30229113
2023-03-08,27.0,88.25,0.0
2023-03-08,27.0,88.5,0.0
2023-03-08,27.25,88.25,0.0
2023-03-08,27.25,88.5,0.0
2023-03-09,27.0,88.25,0.0
2023-03-09,27.0,88.5,0.0
2023-03-09,27.25,88.25,0.0
2023-03-09,27.25,88.5,0.0
2023-03-10,27.0,88.25,0.0
2023-03-10,27.0,88.5,0.0
2023-03-10,27.25,88.25,0.0
2023-03-10,27.25,88.5,0.0
2023-03-11,27.0,88.25,0.0
2023-03-11,27.0,88.5,0.0
2023-03-11,27.25,88.25,0.0
2023-03-11,27.25,88.5,2.110472
2023-03-12,27.0,88.25,0.0
2023-03-12,27.0,88.5,0.0
2023-03-12,27.25,88.25,4.0127473
2023-03-12,27.25,88.5,2.2220356
2023-03-13,27.0,88.25,0.0
2023-03-13,27.0,88.5,0.0
2023-03-13,27.25,88.25,0.0
2023-03-13,27.25,88.5,0.0
2023-03-14,27.0,88.25,5.542569
2023-03-14,27.0,88.5,0.0
2023-03-14,27.25,88.25,7.807825
2023-03-14,27.25,88.5,1.7780138
2023-03-15,27.0,88.25,1.9671301
2023-03-15,27.0,88.5,0.0
2023-03-15,27.25,88.25,0.1391686
2023-03-15,27.25,88.5,2.8980317
2023-03-16,27.0,88.25,8.9112215
2023-03-16,27.0,88.5,24.801622
2023-03-16,27.25,88.25,14.002216
2023-03-16,27.25,88.5,10.977027
2023-03-17,27.0,88.25,0.016555088
2023-03-17,27.0,88.5,0.0
2023-03-17,27.25,88.25,24.590136
2023-03-17,27.25,88.5,16.524612
2023-03-18,27.0,88.25,19.543121
2023-03-18,27.0,88.5,27.836885
2023-03-18,27.25,88.25,8.102706
2023-03-18,27.25,88.5,6.7607074
2023-03-19,27.0,88.25,18.5669
2023-03-19,27.0,88.5,30.598387
2023-03-19,27.25,88.25,5.043786
2023-03-19,27.25,88.5,7.068406
2023-03-20,27.0,88.25,7.5138464
2023-03-20,27.0,88.5,13.006722
2023-03-20,27.25,88.25,5.1032357
2023-03-20,27.25,88.5,7.490845
2023-03-21,27.0,88.25,14.553906
2023-03-21,27.0,88.5,18.789427
2023-03-21,27.25,88.25,17.430935
2023-03-21,27.25,88.5,12.06641
2023-03-22,27.0,88.25,8.388636
2023-03-22,27.0,88.5,14.4301815
2023-03-22,27.25,88.25,15.532064
2023-03-22,27.25,88.5,11.217195
2023-03-23,27.0,88.25,2.1162384
2023-03-23,27.0,88.5,27.878344
2023-03-23,27.25,88.25,23.469841
2023-03-23,27.25,88.5,13.3892
2023-03-24,27.0,88.25,2.0926054
2023-03-24,27.0,88.5,0.0
2023-03-24,27.25,88.25,45.84092
2023-03-24,27.25,88.5,29.076445
2023-03-25,27.0,88.25,2.7267308
2023-03-25,27.0,88.5,6.0768948
2023-03-25,27.25,88.25,13.880139
2023-03-25,27.25,88.5,30.633533
2023-03-26,27.0,88.25,1.2216885
2023-03-26,27.0,88.5,8.725135
2023-03-26,27.25,88.25,1.3479313
2023-03-26,27.25,88.5,4.20545
2023-03-27,27.0,88.25,0.0
2023-03-27,27.0,88.5,0.26418284
2023-03-27,27.25,88.25,0.0
2023-03-27,27.25,88.5,0.0
2023-03-28,27.0,88.25,0.0
2023-03-28,27.0,88.5,0.0
2023-03-28,27.25,88.25,0.0
2023-03-28,27.25,88.5,0.0
2023-03-29,27.0,88.25,0.0
2023-03-29,27.0,88.5,0.0
2023-03-29,27.25,88.25,16.01297
2023-03-29,27.25,88.5,10.232551
2023-03-30,27.0,88.25,0.0
2023-03-30,27.0,88.5,0.0
2023-03-30,27.25,88.25,2.4054523
2023-03-30,27.25,88.5,1.2496643
2023-03-31,27.0,88.25,0.32486168
2023-03-31,27.0,88.5,0.8820312
2023-03-31,27.25,88.25,0.5811013
2023-03-31,27.25,88.5,2.0406206
2023-04-01,27.0,88.25,13.467615
2023-04-01,27.0,88.5,1.0590785
2023-04-01,27.25,88.25,41.90035
2023-04-01,27.25,88.5,20.653975
2023-04-02,27.0,88.25,6.862602
2023-04-02,27.0,88.5,6.959802
2023-04-02,27.25,88.25,9.130966
2023-04-02,27.25,88.5,16.035624
2023-04-03,27.0,88.25,2.0849133
2023-04-03,27.0,88.5,0.41129526
2023-04-03,27.25,88.25,7.1112432
2023-04-03,27.25,88.5,17.01296
2023-04-04,27.0,88.25,0.12994467
2023-04-04,27.0,88.5,0.0
2023-04-04,27.25,88.25,24.399822
2023-04-04,27.25,88.5,18.390326
2023-04-05,27.0,88.25,0.045489326
2023-04-05,27.0,88.5,0.50682104
2023-04-05,27.25,88.25,8.944699
2023-04-05,27.25,88.5,7.9336185
2023-04-06,27.0,88.25,0.0
2023-04-06,27.0,88.5,0.0
2023-04-06,27.25,88.25,5.8196354
2023-04-06,27.25,88.5,4.429384
2023-04-07,27.0,88.25,0.0
2023-04-07,27.0,88.5,0.0
2023-04-07,27.25,88.25,30.00588
2023-04-07,27.25,88.5,16.949734
2023-04-08,27.0,88.25,0.0
2023-04-08,27.0,88.5,0.0
2023-04-08,27.25,88.25,0.0
2023-04-08,27.25,88.5,0.0
2023-04-09,27.0,88.25,0.0
2023-04-09,27.0,88.5,0.0
2023-04-09,27.25,88.25,0.0
2023-04-09,27.25,88.5,0.0
2023-04-10,27.0,88.25,0.0
2023-04-10,27.0,88.5,0.0
2023-04-10,27.25,88.25,0.03479215
2023-04-10,27.25,88.5,1.1741674
2023-04-11,27.0,88.25,0.0
2023-04-11,27.0,88.5,0.0
2023-04-11,27.25,88.25,24.91878
2023-04-11,27.25,88.5,13.851978
2023-04-12,27.0,88.25,0.0
2023-04-12,27.0,88.5,0.0
2023-04-12,27.25,88.25,0.0695843
2023-04-12,27.25,88.5,0.0374663
2023-04-13,27.0,88.25,0.0
2023-04-13,27.0,88.5,0.0
2023-04-13,27.25,88.25,0.0
2023-04-13,27.25,88.5,0.0
2023-04-14,27.0,88.25,0.0
2023-04-14,27.0,88.5,0.0
2023-04-14,27.25,88.25,0.0
2023-04-14,27.25,88.5,0.0
2023-04-15,27.0,88.25,0.0
2023-04-15,27.0,88.5,0.0
2023-04-15,27.25,88.25,0.0
2023-04-15,27.25,88.5,0.0
2023-04-16,27.0,88.25,0.0
2023-04-16,27.0,88.5,0.0
2023-04-16,27.25,88.25,0.0
2023-04-16,27.25,88.5,0.0
2023-04-17,27.0,88.25,1.0007652
2023-04-17,27.0,88.5,0.0
2023-04-17,27.25,88.25,3.947745
2023-04-17,27.25,88.5,4.4426675
2023-04-18,27.0,88.25,0.0
2023-04-18,27.0,88.5,0.0
2023-04-18,27.25,88.25,2.2607665
2023-04-18,27.25,88.5,1.1845022
2023-04-19,27.0,88.25,0.0
2023-04-19,27.0,88.5,0.0
2023-04-19,27.25,88.25,0.1391686
2023-04-19,27.25,88.5,2.8706226
2023-04-20,27.0,88.25,7.070316
2023-04-20,27.0,88.5,0.60816824
2023-04-20,27.25,88.25,2.9799278
2023-04-20,27.25,88.5,6.8352904
2023-04-21,27.0,88.25,7.4705276
2023-04-21,27.0,88.5,2.028514
2023-04-21,27.25,88.25,14.009498
2023-04-21,27.25,88.5,32.37146
2023-04-22,27.0,88.25,8.577774
2023-04-22,27.0,88.5,5.698127
2023-04-22,27.25,88.25,8.382036
2023-04-22,27.25,88.5,7.103569
2023-04-23,27.0,88.25,12.942596
2023-04-23,27.0,88.5,18.395966
2023-04-23,27.25,88.25,16.36891
2023-04-23,27.25,88.5,12.923756
2023-04-24,27.0,88.25,0.0
2023-04-24,27.0,88.5,0.0
2023-04-24,27.25,88.25,0.0695843
2023-04-24,27.25,88.5,2.0383034
2023-04-25,27.0,88.25,0.0
2023-04-25,27.0,88.5,0.0
2023-04-25,27.25,88.25,0.0
2023-04-25,27.25,88.5,0.0
2023-04-26,27.0,88.25,0.0
2023-04-26,27.0,88.5,0.0
2023-04-26,27.25,88.25,0.17396076
2023-04-26,27.25,88.5,2.9167647
2023-04-27,27.0,88.25,0.09097865
2023-04-27,27.0,88.5,12.559388
2023-04-27,27.25,88.25,16.119781
2023-04-27,27.25,88.5,13.113162
2023-04-28,27.0,88.25,0.0
2023-04-28,27.0,88.5,3.77573
2023-04-28,27.25,88.25,2.3462744
2023-04-28,27.25,88.5,10.445421
2023-04-29,27.0,88.25,0.0
2023-04-29,27.0,88.5,45.725456
2023-04-29,27.25,88.25,50.03855
2023-04-29,27.25,88.5,30.752333
2023-04-30,27.0,88.25,2.7649994
2023-04-30,27.0,88.5,1.3187
2023-04-30,27.25,88.25,9.870486
2023-04-30,27.25,88.5,7.8113275
2023-05-01,27.0,88.25,23.329203
2023-05-01,27.0,88.5,53.05276
2023-05-01,27.25,88.25,2.4671566
2023-05-01,27.25,88.5,20.460346
2023-05-02,27.0,88.25,14.173838
2023-05-02,27.0,88.5,32.848934
2023-05-02,27.25,88.25,5.5110555
2023-05-02,27.25,88.5,15.962399
2023-05-03,27.0,88.25,0.0
2023-05-03,27.0,88.5,0.0
2023-05-03,27.25,88.25,0.6077563
2023-05-03,27.25,88.5,0.37103778
2023-05-04,27.0,88.25,0.17729762
2023-05-04,27.0,88.5,6.109559
2023-05-04,27.25,88.25,5.013266
2023-05-04,27.25,88.5,4.7002153
2023-05-05,27.0,88.25,1.3697702
2023-05-05,27.0,88.5,2.0155394
2023-05-05,27.25,88.25,2.8183064
2023-05-05,27.25,88.5,2.3774009
2023-05-06,27.0,88.25,0.0
2023-05-06,27.0,88.5,0.0
2023-05-06,27.25,88.25,39.021534
2023-05-06,27.25,88.5,15.985416
2023-05-07,27.0,88.25,0.0
2023-05-07,27.0,88.5,0.0
2023-05-07,27.25,88.25,22.407879
2023-05-07,27.25,88.5,9.981994
2023-05-08,27.0,88.25,3.3249946
2023-05-08,27.0,88.5,14.563739
2023-05-08,27.25,88.25,14.902214
2023-05-08,27.25,88.5,11.830706
2023-05-09,27.0,88.25,0.0
2023-05-09,27.0,88.5,1.1360601
2023-05-09,27.25,88.25,28.932339
2023-05-09,27.25,88.5,19.708445
2023-05-10,27.0,88.25,0.0
2023-05-10,27.0,88.5,0.0
2023-05-10,27.25,88.25,8.574528
2023-05-10,27.25,88.5,3.5210764
2023-05-11,27.0,88.25,0.0
2023-05-11,27.0,88.5,0.0
2023-05-11,27.25,88.25,0.22902143
2023-05-11,27.25,88.5,0.09450634
2023-05-12,27.0,88.25,0.0
2023-05-12,27.0,88.5,0.0
2023-05-12,27.25,88.25,0.0
2023-05-12,27.25,88.5,0.0
2023-05-13,27.0,88.25,0.0
2023-05-13,27.0,88.5,0.0
2023-05-13,27.25,88.25,0.0
2023-05-13,27.25,88.5,0.0
2023-05-14,27.0,88.25,0.0
2023-05-14,27.0,88.5,0.0
2023-05-14,27.25,88.25,0.0
2023-05-14,27.25,88.5,0.0
2023-05-15,27.0,88.25,0.29358333
2023-05-15,27.0,88.5,0.0
2023-05-15,27.25,88.25,3.6358902
2023-05-15,27.25,88.5,1.0287479
2023-05-16,27.0,88.25,0.09771841
2023-05-16,27.0,88.5,8.811517
2023-05-16,27.25,88.25,12.149779
2023-05-16,27.25,88.5,12.298528
2023-05-17,27.0,88.25,17.785456
2023-05-17,27.0,88.5,11.379494
2023-05-17,27.25,88.25,4.8635244
2023-05-17,27.25,88.5,5.2228208
2023-05-18,27.0,88.25,1.9865718
2023-05-18,27.0,88.5,6.6159487
2023-05-18,27.25,88.25,10.065687
2023-05-18,27.25,88.5,9.2384615
2023-05-19,27.0,88.25,26.69904
2023-05-19,27.0,88.5,42.19622
2023-05-19,27.25,88.25,16.845005
2023-05-19,27.25,88.5,33.201946
2023-05-20,27.0,88.25,6.435477
2023-05-20,27.0,88.5,27.328867
2023-05-20,27.25,88.25,6.1327443
2023-05-20,27.25,88.5,14.144687
2023-05-21,27.0,88.25,1.1678991
2023-05-21,27.0,88.5,0.0
2023-05-21,27.25,88.25,20.008524
2023-05-21,27.25,88.5,9.207513
2023-05-22,27.0,88.25,3.5938067
2023-05-22,27.0,88.5,9.5020275
2023-05-22,27.25,88.25,0.0
2023-05-22,27.25,88.5,3.5993097
2023-05-23,27.0,88.25,0.0
2023-05-23,27.0,88.5,0.30555204
2023-05-23,27.25,88.25,0.0
2023-05-23,27.25,88.5,0.0
2023-05-24,27.0,88.25,0.30924132
2023-05-24,27.0,88.5,59.75186
2023-05-24,27.25,88.25,2.1553073
2023-05-24,27.25,88.5,35.12744
2023-05-25,27.0,88.25,0.63559777
2023-05-25,27.0,88.5,6.6059847
2023-05-25,27.25,88.25,12.709051
2023-05-25,27.25,88.5,12.891268
2023-05-26,27.0,88.25,37.70648
2023-05-26,27.0,88.5,59.193924
2023-05-26,27.25,88.25,13.742943
2023-05-26,27.25,88.5,29.148605
2023-05-27,27.0,88.25,31.409027
2023-05-27,27.0,88.5,22.064245
2023-05-27,27.25,88.25,21.565762
2023-05-27,27.25,88.5,18.72492
2023-05-28,27.0,88.25,3.2151136
2023-05-28,27.0,88.5,17.972578
2023-05-28,27.25,88.25,11.721239
2023-05-28,27.25,88.5,19.280334
2023-05-29,27.0,88.25,0.0
2023-05-29,27.0,88.5,0.0
2023-05-29,27.25,88.25,2.0477276
2023-05-29,27.25,88.5,0.12083837
2023-05-30,27.0,88.25,0.0
2023-05-30,27.0,88.5,0.0
2023-05-30,27.25,88.25,0.0
2023-05-30,27.25,88.5,0.0
2023-05-31,27.0,88.25,0.0
2023-05-31,27.0,88.5,0.0
2023-05-31,27.25,88.25,0.0
2023-05-31,27.25,88.5,0.0
2023-06-01,27.0,88.25,28.029627
2023-06-01,27.0,88.5,15.572552
2023-06-01,27.25,88.25,10.960696
2023-06-01,27.25,88.5,7.3794208
2023-06-02,27.0,88.25,20.759535
2023-06-02,27.0,88.5,0.0
2023-06-02,27.25,88.25,14.895623
2023-06-02,27.25,88.5,2.159775
2023-06-03,27.0,88.25,0.0
2023-06-03,27.0,88.5,0.0
2023-06-03,27.25,88.25,7.467849
2023-06-03,27.25,88.5,5.567405
2023-06-04,27.0,88.25,13.433421
2023-06-04,27.0,88.5,0.7051656
2023-06-04,27.25,88.25,1.169063
2023-06-04,27.25,88.5,0.30686864
2023-06-05,27.0,88.25,0.0
2023-06-05,27.0,88.5,13.57394
2023-06-05,27.25,88.25,0.0
2023-06-05,27.25,88.5,5.2931023
2023-06-06,27.0,88.25,0.018348346
2023-06-06,27.0,88.5,0.49780756
2023-06-06,27.25,88.25,0.0
2023-06-06,27.25,88.5,0.0
2023-06-07,27.0,88.25,0.0
2023-06-07,27.0,88.5,0.0
2023-06-07,27.25,88.25,0.0
2023-06-07,27.25,88.5,2.6790123
2023-06-08,27.0,88.25,3.1008704
2023-06-08,27.0,88.5,3.0810304
2023-06-08,27.25,88.25,0.0
2023-06-08,27.25,88.5,2.358997
2023-06-09,27.0,88.25,3.4806662
2023-06-09,27.0,88.5,5.548345
2023-06-09,27.25,88.25,2.8594072
2023-06-09,27.25,88.5,3.2334962
2023-06-10,27.0,88.25,0.0
2023-06-10,27.0,88.5,0.0
2023-06-10,27.25,88.25,0.0
2023-06-10,27.25,88.5,0.0
2023-06-11,27.0,88.25,0.5504503
2023-06-11,27.0,88.5,0.0
2023-06-11,27.25,88.25,0.019745445
2023-06-11,27.25,88.5,0.013166015
2023-06-12,27.0,88.25,62.53798
2023-06-12,27.0,88.5,41.800846
2023-06-12,27.25,88.25,34.31013
2023-06-12,27.25,88.5,39.38056
2023-06-13,27.0,88.25,5.807001
2023-06-13,27.0,88.5,23.386353
2023-06-13,27.25,88.25,18.8943
2023-06-13,27.25,88.5,20.231754
2023-06-14,27.0,88.25,34.563366
2023-06-14,27.0,88.5,8.635488
2023-06-14,27.25,88.25,17.94937
2023-06-14,27.25,88.5,23.292093
2023-06-15,27.0,88.25,25.252104
2023-06-15,27.0,88.5,17.249977
2023-06-15,27.25,88.25,20.356798
2023-06-15,27.25,88.5,13.1325655
2023-06-16,27.0,88.25,25.033062
2023-06-16,27.0,88.5,32.872913
2023-06-16,27.25,88.25,42.496452
2023-06-16,27.25,88.5,39.895657
2023-06-17,27.0,88.25,24.294172
2023-06-17,27.0,88.5,50.90815
2023-06-17,27.25,88.25,12.66093
2023-06-17,27.25,88.5,21.587475
2023-06-18,27.0,88.25,76.32947
2023-06-18,27.0,88.5,47.351677
2023-06-18,27.25,88.25,33.700756
2023-06-18,27.25,88.5,41.266075
2023-06-19,27.0,88.25,88.97714
2023-06-19,27.0,88.5,57.535683
2023-06-19,27.25,88.25,24.736042
2023-06-19,27.25,88.5,32.554756
2023-06-20,27.0,88.25,13.278296
2023-06-20,27.0,88.5,22.175566
2023-06-20,27.25,88.25,7.0719967
2023-06-20,27.25,88.5,15.760269
2023-06-21,27.0,88.25,44.905308
2023-06-21,27.0,88.5,28.433203
2023-06-21,27.25,88.25,17.385452
2023-06-21,27.25,88.5,20.793068
2023-06-22,27.0,88.25,3.8338368
2023-06-22,27.0,88.5,45.191467
2023-06-22,27.25,88.25,15.188552
2023-06-22,27.25,88.5,24.499989
2023-06-23,27.0,88.25,53.213417
2023-06-23,27.0,88.5,14.749213
2023-06-23,27.25,88.25,0.2440025
2023-06-23,27.25,88.5,10.591249
2023-06-24,27.0,88.25,1.1301568
2023-06-24,27.0,88.5,21.131216
2023-06-24,27.25,88.25,0.8735287
2023-06-24,27.25,88.5,11.284562
2023-06-25,27.0,88.25,28.551195
2023-06-25,27.0,88.5,12.041383
2023-06-25,27.25,88.25,1.250447
2023-06-25,27.25,88.5,5.088763
2023-06-26,27.0,88.25,27.872423
2023-06-26,27.0,88.5,34.65142
2023-06-26,27.25,88.25,23.241661
2023-06-26,27.25,88.5,17.251385
2023-06-27,27.0,88.25,39.352203
2023-06-27,27.0,88.5,65.414055
2023-06-27,27.25,88.25,13.239953
2023-06-27,27.25,88.5,38.417038
2023-06-28,27.0,88.25,33.243126
2023-06-28,27.0,88.5,59.68705
2023-06-28,27.25,88.25,61.436924
2023-06-28,27.25,88.5,75.955124
2023-06-29,27.0,88.25,49.28769
2023-06-29,27.0,88.5,18.076357
2023-06-29,27.25,88.25,45.399914
2023-06-29,27.25,88.5,42.954346
2023-06-30,27.0,88.25,26.561798
2023-06-30,27.0,88.5,32.347168
2023-06-30,27.25,88.25,9.852324
2023-06-30,27.25,88.5,32.29604
2023-07-01,27.0,88.25,7.1103215
2023-07-01,27.0,88.5,11.859779
2023-07-01,27.25,88.25,1.7612356
2023-07-01,27.25,88.5,8.984122
2023-07-02,27.0,88.25,7.6754055
2023-07-02,27.0,88.5,73.19586
2023-07-02,27.25,88.25,26.334665
2023-07-02,27.25,88.5,47.98491
2023-07-03,27.0,88.25,6.1760006
2023-07-03,27.0,88.5,77.808685
2023-07-03,27.25,88.25,7.0274186
2023-07-03,27.25,88.5,32.70325
2023-07-04,27.0,88.25,47.853542
2023-07-04,27.0,88.5,40.98675
2023-07-04,27.25,88.25,43.425766
2023-07-04,27.25,88.5,54.237595
2023-07-05,27.0,88.25,21.96637
2023-07-05,27.0,88.5,34.061443
2023-07-05,27.25,88.25,3.9863555
2023-07-05,27.25,88.5,24.977837
2023-07-06,27.0,88.25,1.0396992
2023-07-06,27.0,88.5,52.98196
2023-07-06,27.25,88.25,1.5769658
2023-07-06,27.25,88.5,26.1977
2023-07-07,27.0,88.25,96.961655
2023-07-07,27.0,88.5,40.952892
2023-07-07,27.25,88.25,38.562843
2023-07-07,27.25,88.5,48.44484
2023-07-08,27.0,88.25,10.663291
2023-07-08,27.0,88.5,82.65155
2023-07-08,27.25,88.25,19.760738
2023-07-08,27.25,88.5,53.129387
2023-07-09,27.0,88.25,0.6238437
2023-07-09,27.0,88.5,24.452763
2023-07-09,27.25,88.25,0.66759104
2023-07-09,27.25,88.5,10.582997
2023-07-10,27.0,88.25,8.300932
2023-07-10,27.0,88.5,21.24551
2023-07-10,27.25,88.25,1.1671814
2023-07-10,27.25,88.5,13.49649
2023-07-11,27.0,88.25,2.480912
2023-07-11,27.0,88.5,5.590232
2023-07-11,27.25,88.25,0.9966329
2023-07-11,27.25,88.5,2.7877407
2023-07-12,27.0,88.25,13.469628
2023-07-12,27.0,88.5,17.916313
2023-07-12,27.25,88.25,2.7276409
2023-07-12,27.25,88.5,7.205436
2023-07-13,27.0,88.25,89.70412
2023-07-13,27.0,88.5,112.164696
2023-07-13,27.25,88.25,12.513957
2023-07-13,27.25,88.5,57.53888
2023-07-14,27.0,88.25,113.40688
2023-07-14,27.0,88.5,102.20182
2023-07-14,27.25,88.25,61.34651
2023-07-14,27.25,88.5,68.992874
2023-07-15,27.0,88.25,23.232843
2023-07-15,27.0,88.5,21.139717
2023-07-15,27.25,88.25,10.968396
2023-07-15,27.25,88.5,18.325117
2023-07-16,27.0,88.25,1.8022419
2023-07-16,27.0,88.5,8.32535
2023-07-16,27.25,88.25,7.7275357
2023-07-16,27.25,88.5,5.474191
2023-07-17,27.0,88.25,1.3328447
2023-07-17,27.0,88.5,19.390543
2023-07-17,27.25,88.25,3.1769989
2023-07-17,27.25,88.5,10.124463
2023-07-18,27.0,88.25,10.901315
2023-07-18,27.0,88.5,25.028618
2023-07-18,27.25,88.25,20.59885
2023-07-18,27.25,88.5,29.694408
2023-07-19,27.0,88.25,0.0
2023-07-19,27.0,88.5,0.0
2023-07-19,27.25,88.25,0.29055056
2023-07-19,27.25,88.5,0.839357
2023-07-20,27.0,88.25,0.0
2023-07-20,27.0,88.5,0.0
2023-07-20,27.25,88.25,0.05923634
2023-07-20,27.25,88.5,0.039498046
2023-07-21,27.0,88.25,1.3509839
2023-07-21,27.0,88.5,50.503426
2023-07-21,27.25,88.25,5.0152755
2023-07-21,27.25,88.5,25.731527
2023-07-22,27.0,88.25,19.493893
2023-07-22,27.0,88.5,13.50569
2023-07-22,27.25,88.25,17.051062
2023-07-22,27.25,88.5,14.722663
2023-07-23,27.0,88.25,0.14678676
2023-07-23,27.0,88.5,16.829018
2023-07-23,27.25,88.25,13.579052
2023-07-23,27.25,88.5,15.833769
2023-07-24,27.0,88.25,6.3543143
2023-07-24,27.0,88.5,9.057078
2023-07-24,27.25,88.25,3.7844872
2023-07-24,27.25,88.5,5.4799767
2023-07-25,27.0,88.25,19.486393
2023-07-25,27.0,88.5,64.62057
2023-07-25,27.25,88.25,33.8492
2023-07-25,27.25,88.5,52.231018
2023-07-26,27.0,88.25,30.935383
2023-07-26,27.0,88.5,23.063635
2023-07-26,27.25,88.25,29.767271
2023-07-26,27.25,88.5,23.841885
2023-07-27,27.0,88.25,10.644281
2023-07-27,27.0,88.5,17.66622
2023-07-27,27.25,88.25,0.602175
2023-07-27,27.25,88.5,7.2585063
2023-07-28,27.0,88.25,12.240335
2023-07-28,27.0,88.5,11.440051
2023-07-28,27.25,88.25,3.2881043
2023-07-28,27.25,88.5,6.2990336
2023-07-29,27.0,88.25,0.22018015
2023-07-29,27.0,88.5,29.16679
2023-07-29,27.25,88.25,3.8978848
2023-07-29,27.25,88.5,17.771103
2023-07-30,27.0,88.25,10.590317
2023-07-30,27.0,88.5,22.175505
2023-07-30,27.25,88.25,13.887885
2023-07-30,27.25,88.5,20.787691
2023-07-31,27.0,88.25,0.0
2023-07-31,27.0,88.5,2.1623502
2023-07-31,27.25,88.25,5.465343
2023-07-31,27.25,88.5,4.265058
2023-08-01,27.0,88.25,1.7117845
2023-08-01,27.0,88.5,0.0
2023-08-01,27.25,88.25,10.635062
2023-08-01,27.25,88.5,5.871985
2023-08-02,27.0,88.25,50.341698
2023-08-02,27.0,88.5,155.93419
2023-08-02,27.25,88.25,36.349594
2023-08-02,27.25,88.5,74.61255
2023-08-03,27.0,88.25,9.5734215
2023-08-03,27.0,88.5,16.99537
2023-08-03,27.25,88.25,24.517084
2023-08-03,27.25,88.5,36.155624
2023-08-04,27.0,88.25,18.605112
2023-08-04,27.0,88.5,14.390579
2023-08-04,27.25,88.25,2.7881603
2023-08-04,27.25,88.5,7.811362
2023-08-05,27.0,88.25,21.291979
2023-08-05,27.0,88.5,46.798996
2023-08-05,27.25,88.25,10.886278
2023-08-05,27.25,88.5,23.355844
2023-08-06,27.0,88.25,2.5065408
2023-08-06,27.0,88.5,12.586008
2023-08-06,27.25,88.25,1.9265212
2023-08-06,27.25,88.5,7.3288274
2023-08-07,27.0,88.25,3.874805
2023-08-07,27.0,88.5,12.379863
2023-08-07,27.25,88.25,9.928697
2023-08-07,27.25,88.5,13.230681
2023-08-08,27.0,88.25,6.812482
2023-08-08,27.0,88.5,16.516247
2023-08-08,27.25,88.25,8.937808
2023-08-08,27.25,88.5,17.396605
2023-08-09,27.0,88.25,66.06887
2023-08-09,27.0,88.5,71.78832
2023-08-09,27.25,88.25,54.653873
2023-08-09,27.25,88.5,65.73127
2023-08-10,27.0,88.25,9.271976
2023-08-10,27.0,88.5,17.638563
2023-08-10,27.25,88.25,11.57349
2023-08-10,27.25,88.5,20.217205
2023-08-11,27.0,88.25,9.525074
2023-08-11,27.0,88.5,17.01762
2023-08-11,27.25,88.25,4.07261
2023-08-11,27.25,88.5,16.23676
2023-08-12,27.0,88.25,17.642857
2023-08-12,27.0,88.5,62.53955
2023-08-12,27.25,88.25,19.400105
2023-08-12,27.25,88.5,42.11057
2023-08-13,27.0,88.25,52.323193
2023-08-13,27.0,88.5,30.170727
2023-08-13,27.25,88.25,29.7505
2023-08-13,27.25,88.5,23.459925
2023-08-14,27.0,88.25,46.85812
2023-08-14,27.0,88.5,45.25063
2023-08-14,27.25,88.25,33.71763
2023-08-14,27.25,88.5,40.887707
2023-08-15,27.0,88.25,0.0
2023-08-15,27.0,88.5,0.02923169
2023-08-15,27.25,88.25,1.7607846
2023-08-15,27.25,88.5,4.586834
2023-08-16,27.0,88.25,15.059216
2023-08-16,27.0,88.5,13.198911
2023-08-16,27.25,88.25,0.8226779
2023-08-16,27.25,88.5,6.311246
2023-08-17,27.0,88.25,6.118072
2023-08-17,27.0,88.5,0.2857379
2023-08-17,27.25,88.25,10.924117
2023-08-17,27.25,88.5,8.5449505
2023-08-18,27.0,88.25,6.3035674
2023-08-18,27.0,88.5,3.7102103
2023-08-18,27.25,88.25,50.083374
2023-08-18,27.25,88.5,25.766224
2023-08-19,27.0,88.25,7.9679036
2023-08-19,27.0,88.5,49.574657
2023-08-19,27.25,88.25,22.036154
2023-08-19,27.25,88.5,34.055374
2023-08-20,27.0,88.25,13.030594
2023-08-20,27.0,88.5,21.109726
2023-08-20,27.25,88.25,1.1405796
2023-08-20,27.25,88.5,10.410264
2023-08-21,27.0,88.25,43.345432
2023-08-21,27.0,88.5,29.66138
2023-08-21,27.25,88.25,21.750607
2023-08-21,27.25,88.5,18.392168
2023-08-22,27.0,88.25,6.598753
2023-08-22,27.0,88.5,3.1081333
2023-08-22,27.25,88.25,8.491561
2023-08-22,27.25,88.5,9.899721
2023-08-23,27.0,88.25,62.330975
2023-08-23,27.0,88.5,15.929572
2023-08-23,27.25,88.25,11.913228
2023-08-23,27.25,88.5,10.191426
2023-08-24,27.0,88.25,48.70688
2023-08-24,27.0,88.5,24.862434
2023-08-24,27.25,88.25,18.915993
2023-08-24,27.25,88.5,22.104343
2023-08-25,27.0,88.25,104.75963
2023-08-25,27.0,88.5,88.898094
2023-08-25,27.25,88.25,55.940697
2023-08-25,27.25,88.5,67.508804
2023-08-26,27.0,88.25,51.05987
2023-08-26,27.0,88.5,15.7951355
2023-08-26,27.25,88.25,16.14653
2023-08-26,27.25,88.5,13.588952
2023-08-27,27.0,88.25,1.13166
2023-08-27,27.0,88.5,10.735459
2023-08-27,27.25,88.25,3.6947162
2023-08-27,27.25,88.5,6.382133
2023-08-28,27.0,88.25,29.772083
2023-08-28,27.0,88.5,182.65811
2023-08-28,27.25,88.25,3.1282303
2023-08-28,27.25,88.5,67.785576
2023-08-29,27.0,88.25,40.83827
2023-08-29,27.0,88.5,6.8526597
2023-08-29,27.25,88.25,7.709494
2023-08-29,27.25,88.5,9.495199
2023-08-30,27.0,88.25,10.9610615
2023-08-30,27.0,88.5,14.646374
2023-08-30,27.25,88.25,0.6121088
2023-08-30,27.25,88.5,7.875418
2023-08-31,27.0,88.25,0.0
2023-08-31,27.0,88.5,12.849997
2023-08-31,27.25,88.25,0.44100595
2023-08-31,27.25,88.5,6.389615
2023-09-01,27.0,88.25,0.27522516
2023-09-01,27.0,88.5,0.0
2023-09-01,27.25,88.25,0.0
2023-09-01,27.25,88.5,0.0
2023-09-02,27.0,88.25,0.03669669
2023-09-02,27.0,88.5,3.0202131
2023-09-02,27.25,88.25,0.32088795
2023-09-02,27.25,88.5,2.5261705
2023-09-03,27.0,88.25,11.884037
2023-09-03,27.0,88.5,6.950881
2023-09-03,27.25,88.25,10.739353
2023-09-03,27.25,88.5,10.649795
2023-09-04,27.0,88.25,0.0
2023-09-04,27.0,88.5,17.905067
2023-09-04,27.25,88.25,7.684705
2023-09-04,27.25,88.5,13.208316
2023-09-05,27.0,88.25,0.0
2023-09-05,27.0,88.5,0.0
2023-09-05,27.25,88.25,1.6298157
2023-09-05,27.25,88.5,0.98415357
2023-09-06,27.0,88.25,0.0
2023-09-06,27.0,88.5,0.0
2023-09-06,27.25,88.25,0.5687417
2023-09-06,27.25,88.5,0.16971336
2023-09-07,27.0,88.25,0.0
2023-09-07,27.0,88.5,0.0
2023-09-07,27.25,88.25,1.1083773
2023-09-07,27.25,88.5,0.6470172
2023-09-08,27.0,88.25,5.4573236
2023-09-08,27.0,88.5,9.685043
2023-09-08,27.25,88.25,5.9320245
2023-09-08,27.25,88.5,9.928393
2023-09-09,27.0,88.25,57.286076
2023-09-09,27.0,88.5,64.76687
2023-09-09,27.25,88.25,26.02403
2023-09-09,27.25,88.5,48.28261
2023-09-10,27.0,88.25,0.78345966
2023-09-10,27.0,88.5,0.0
2023-09-10,27.25,88.25,4.7314196
2023-09-10,27.25,88.5,5.8878255
2023-09-11,27.0,88.25,0.0
2023-09-11,27.0,88.5,11.130631
2023-09-11,27.25,88.25,1.6779513
2023-09-11,27.25,88.5,5.1847677
2023-09-12,27.0,88.25,5.22091
2023-09-12,27.0,88.5,26.202236
2023-09-12,27.25,88.25,13.812414
2023-09-12,27.25,88.5,21.723614
2023-09-13,27.0,88.25,0.0
2023-09-13,27.0,88.5,12.219882
2023-09-13,27.25,88.25,0.59440196
2023-09-13,27.25,88.5,4.949233
2023-09-14,27.0,88.25,1.0507495
2023-09-14,27.0,88.5,0.3251181
2023-09-14,27.25,88.25,9.528223
2023-09-14,27.25,88.5,9.823013
2023-09-15,27.0,88.25,14.717077
2023-09-15,27.0,88.5,3.7394397
2023-09-15,27.25,88.25,0.7756789
2023-09-15,27.25,88.5,1.3330158
2023-09-16,27.0,88.25,0.0
2023-09-16,27.0,88.5,1.9908446
2023-09-16,27.25,88.25,0.0
2023-09-16,27.25,88.5,0.7763217
2023-09-17,27.0,88.25,0.0
2023-09-17,27.0,88.5,0.0
2023-09-17,27.25,88.25,0.11847268
2023-09-17,27.25,88.5,0.07899609
2023-09-18,27.0,88.25,0.0
2023-09-18,27.0,88.5,2.0813375
2023-09-18,27.25,88.25,0.9261589
2023-09-18,27.25,88.5,20.86876
2023-09-19,27.0,88.25,0.0
2023-09-19,27.0,88.5,0.0
2023-09-19,27.25,88.25,11.206853
2023-09-19,27.25,88.5,5.5502896
2023-09-20,27.0,88.25,8.703649
2023-09-20,27.0,88.5,44.0763
2023-09-20,27.25,88.25,16.408104
2023-09-20,27.25,88.5,26.775364
2023-09-21,27.0,88.25,69.686226
2023-09-21,27.0,88.5,79.1394
2023-09-21,27.25,88.25,15.625204
2023-09-21,27.25,88.5,38.98888
2023-09-22,27.0,88.25,10.974073
2023-09-22,27.0,88.5,5.07346
2023-09-22,27.25,88.25,15.978429
2023-09-22,27.25,88.5,8.064002
2023-09-23,27.0,88.25,79.130745
2023-09-23,27.0,88.5,37.132885
2023-09-23,27.25,88.25,31.472874
2023-09-23,27.25,88.5,30.868923
2023-09-24,27.0,88.25,84.04239
2023-09-24,27.0,88.5,26.86649
2023-09-24,27.25,88.25,24.008646
2023-09-24,27.25,88.5,28.557194
2023-09-25,27.0,88.25,23.954462
2023-09-25,27.0,88.5,7.978732
2023-09-25,27.25,88.25,4.920488
2023-09-25,27.25,88.5,4.9761825
2023-09-26,27.0,88.25,0.0
2023-09-26,27.0,88.5,0.0
2023-09-26,27.25,88.25,0.0
2023-09-26,27.25,88.5,0.0
2023-09-27,27.0,88.25,0.0
2023-09-27,27.0,88.5,13.84542
2023-09-27,27.25,88.25,0.9910018
2023-09-27,27.25,88.5,6.3039584
2023-09-28,27.0,88.25,0.0
2023-09-28,27.0,88.5,0.0
2023-09-28,27.25,88.25,0.05923634
2023-09-28,27.25,88.5,2.2720082
2023-09-29,27.0,88.25,0.0
2023-09-29,27.0,88.5,0.0
2023-09-29,27.25,88.25,7.9183583
2023-09-29,27.25,88.5,12.576474
2023-09-30,27.0,88.25,0.0
2023-09-30,27.0,88.5,0.0
2023-09-30,27.25,88.25,0.0
2023-09-30,27.25,88.5,0.0
2023-10-01,27.0,88.25,3.5342867
2023-10-01,27.0,88.5,5.4224224
2023-10-01,27.25,88.25,3.69429
2023-10-01,27.25,88.5,3.3090596
2023-10-02,27.0,88.25,14.664631
2023-10-02,27.0,88.5,12.173055
2023-10-02,27.25,88.25,6.547301
2023-10-02,27.25,88.5,8.7396755
2023-10-03,27.0,88.25,29.246462
2023-10-03,27.0,88.5,17.479136
2023-10-03,27.25,88.25,12.063617
2023-10-03,27.25,88.5,30.829798
2023-10-04,27.0,88.25,64.2281
2023-10-04,27.0,88.5,70.290276
2023-10-04,27.25,88.25,79.50292
2023-10-04,27.25,88.5,77.837425
2023-10-05,27.0,88.25,81.452934
2023-10-05,27.0,88.5,25.291481
2023-10-05,27.25,88.25,27.044548
2023-10-05,27.25,88.5,26.572212
2023-10-06,27.0,88.25,22.224848
2023-10-06,27.0,88.5,3.0209248
2023-10-06,27.25,88.25,8.378994
2023-10-06,27.25,88.5,6.7224503
2023-10-07,27.0,88.25,0.6906428
2023-10-07,27.0,88.5,0.0
2023-10-07,27.25,88.25,3.1706064
2023-10-07,27.25,88.5,3.1097183
2023-10-08,27.0,88.25,2.5747547
2023-10-08,27.0,88.5,61.818584
2023-10-08,27.25,88.25,7.865302
2023-10-08,27.25,88.5,31.21303
2023-10-09,27.0,88.25,7.1090164
2023-10-09,27.0,88.5,3.6882122
2023-10-09,27.25,88.25,19.432451
2023-10-09,27.25,88.5,12.074637
2023-10-10,27.0,88.25,6.119047
2023-10-10,27.0,88.5,0.0
2023-10-10,27.25,88.25,0.13664736
2023-10-10,27.25,88.5,0.0
2023-10-11,27.0,88.25,0.0
2023-10-11,27.0,88.5,6.4249983
2023-10-11,27.25,88.25,0.33655003
2023-10-11,27.25,88.5,2.5999084
2023-10-12,27.0,88.25,9.110864
2023-10-12,27.0,88.5,9.508088
2023-10-12,27.25,88.25,0.0
2023-10-12,27.25,88.5,3.2464364
2023-10-13,27.0,88.25,0.03669669
2023-10-13,27.0,88.5,0.5739203
2023-10-13,27.25,88.25,3.8330836
2023-10-13,27.25,88.5,5.423274
2023-10-14,27.0,88.25,0.0
2023-10-14,27.0,88.5,9.139788
2023-10-14,27.25,88.25,4.5584207
2023-10-14,27.25,88.5,15.271173
2023-10-15,27.0,88.25,0.0
2023-10-15,27.0,88.5,4.4820366
2023-10-15,27.25,88.25,1.0014035
2023-10-15,27.25,88.5,4.814257
2023-10-16,27.0,88.25,0.0
2023-10-16,27.0,88.5,0.0
2023-10-16,27.25,88.25,0.0
2023-10-16,27.25,88.5,0.0
2023-10-17,27.0,88.25,0.0
2023-10-17,27.0,88.5,0.0
2023-10-17,27.25,88.25,0.0
2023-10-17,27.25,88.5,0.0
2023-10-18,27.0,88.25,0.0
2023-10-18,27.0,88.5,0.0
2023-10-18,27.25,88.25,0.098727226
2023-10-18,27.25,88.5,0.065830074
2023-10-19,27.0,88.25,0.0
2023-10-19,27.0,88.5,0.35415268
2023-10-19,27.25,88.25,0.0
2023-10-19,27.25,88.5,0.0
2023-10-20,27.0,88.25,0.23852848
2023-10-20,27.0,88.5,10.225702
2023-10-20,27.25,88.25,0.26837948
2023-10-20,27.25,88.5,4.028141
2023-10-21,27.0,88.25,0.0
2023-10-21,27.0,88.5,0.0
2023-10-21,27.25,88.25,0.0
2023-10-21,27.25,88.5,0.0
2023-10-22,27.0,88.25,0.0
2023-10-22,27.0,88.5,0.0
2023-10-22,27.25,88.25,0.0
2023-10-22,27.25,88.5,0.0
2023-10-23,27.0,88.25,0.0
2023-10-23,27.0,88.5,0.0
2023-10-23,27.25,88.25,0.0
2023-10-23,27.25,88.5,0.0
2023-10-24,27.0,88.25,0.0
2023-10-24,27.0,88.5,0.0
2023-10-24,27.25,88.25,0.0
2023-10-24,27.25,88.5,0.0
2023-10-25,27.0,88.25,0.0
2023-10-25,27.0,88.5,0.0
2023-10-25,27.25,88.25,0.0
2023-10-25,27.25,88.5,0.0
2023-10-26,27.0,88.25,0.0
2023-10-26,27.0,88.5,0.0
2023-10-26,27.25,88.25,0.0
2023-10-26,27.25,88.5,0.0
2023-10-27,27.0,88.25,0.0
2023-10-27,27.0,88.5,0.0
2023-10-27,27.25,88.25,0.0
2023-10-27,27.25,88.5,0.0
2023-10-28,27.0,88.25,0.0
2023-10-28,27.0,88.5,2.0813375
2023-10-28,27.25,88.25,0.0
2023-10-28,27.25,88.5,0.8116091
2023-10-29,27.0,88.25,0.0
2023-10-29,27.0,88.5,0.0
2023-10-29,27.25,88.25,0.0
2023-10-29,27.25,88.5,0.0
2023-10-30,27.0,88.25,0.0
2023-10-30,27.0,88.5,0.0
2023-10-30,27.25,88.25,0.0
2023-10-30,27.25,88.5,0.0
2023-10-31,27.0,88.25,0.0
2023-10-31,27.0,88.5,0.0
2023-10-31,27.25,88.25,0.0
2023-10-31,27.25,88.5,0.0
2023-11-01,27.0,88.25,0.0
2023-11-01,27.0,88.5,0.0
2023-11-01,27.25,88.25,0.0
2023-11-01,27.25,88.5,0.0
2023-11-02,27.0,88.25,0.0
2023-11-02,27.0,88.5,0.0
2023-11-02,27.25,88.25,0.0
2023-11-02,27.25,88.5,0.0
2023-11-03,27.0,88.25,0.0
2023-11-03,27.0,88.5,0.0
2023-11-03,27.25,88.25,0.0
2023-11-03,27.25,88.5,0.0
2023-11-04,27.0,88.25,0.0
2023-11-04,27.0,88.5,0.0
2023-11-04,27.25,88.25,0.030223204
2023-11-04,27.25,88.5,10.873288
2023-11-05,27.0,88.25,0.23654449
2023-11-05,27.0,88.5,0.0
2023-11-05,27.25,88.25,0.24381255
2023-11-05,27.25,88.5,0.0
2023-11-06,27.0,88.25,0.0
2023-11-06,27.0,88.5,0.0
2023-11-06,27.25,88.25,0.0
2023-11-06,27.25,88.5,0.0
2023-11-07,27.0,88.25,0.0
2023-11-07,27.0,88.5,0.0
2023-11-07,27.25,88.25,0.0
2023-11-07,27.25,88.5,0.0
2023-11-08,27.0,88.25,0.0
2023-11-08,27.0,88.5,0.0
2023-11-08,27.25,88.25,0.0
2023-11-08,27.25,88.5,0.0
2023-11-09,27.0,88.25,0.0
2023-11-09,27.0,88.5,0.0
2023-11-09,27.25,88.25,0.0
2023-11-09,27.25,88.5,0.0
2023-11-10,27.0,88.25,0.0
2023-11-10,27.0,88.5,0.0
2023-11-10,27.25,88.25,0.0
2023-11-10,27.25,88.5,0.0
2023-11-11,27.0,88.25,0.0
2023-11-11,27.0,88.5,0.0
2023-11-11,27.25,88.25,0.0
2023-11-11,27.25,88.5,0.0
2023-11-12,27.0,88.25,0.0
2023-11-12,27.0,88.5,0.0
2023-11-12,27.25,88.25,0.0
2023-11-12,27.25,88.5,0.0
2023-11-13,27.0,88.25,0.0
2023-11-13,27.0,88.5,0.0
2023-11-13,27.25,88.25,0.0
2023-11-13,27.25,88.5,0.0
2023-11-14,27.0,88.25,0.0
2023-11-14,27.0,88.5,0.0
2023-11-14,27.25,88.25,0.0
2023-11-14,27.25,88.5,0.0
2023-11-15,27.0,88.25,0.0
2023-11-15,27.0,88.5,0.0
2023-11-15,27.25,88.25,0.0
2023-11-15,27.25,88.5,0.0
2023-11-16,27.0,88.25,0.0
2023-11-16,27.0,88.5,0.0
2023-11-16,27.25,88.25,0.0
2023-11-16,27.25,88.5,0.0
2023-11-17,27.0,88.25,0.0
2023-11-17,27.0,88.5,0.0
2023-11-17,27.25,88.25,0.0
2023-11-17,27.25,88.5,0.0
2023-11-18,27.0,88.25,0.0
2023-11-18,27.0,88.5,0.0
2023-11-18,27.25,88.25,0.0
2023-11-18,27.25,88.5,0.0
2023-11-19,27.0,88.25,0.0
2023-11-19,27.0,88.5,0.0
2023-11-19,27.25,88.25,0.0
2023-11-19,27.25,88.5,0.0
2023-11-20,27.0,88.25,0.0
2023-11-20,27.0,88.5,0.0
2023-11-20,27.25,88.25,0.0
2023-11-20,27.25,88.5,0.0
2023-11-21,27.0,88.25,0.0
2023-11-21,27.0,88.5,0.0
2023-11-21,27.25,88.25,0.0
2023-11-21,27.25,88.5,0.0
2023-11-22,27.0,88.25,0.0
2023-11-22,27.0,88.5,0.0
2023-11-22,27.25,88.25,0.0
2023-11-22,27.25,88.5,0.0
2023-11-23,27.0,88.25,0.0
2023-11-23,27.0,88.5,0.0
2023-11-23,27.25,88.25,0.0
2023-11-23,27.25,88.5,0.0
2023-11-24,27.0,88.25,0.0
2023-11-24,27.0,88.5,0.0
2023-11-24,27.25,88.25,0.0
2023-11-24,27.25,88.5,0.0
2023-11-25,27.0,88.25,0.0
2023-11-25,27.0,88.5,0.0
2023-11-25,27.25,88.25,0.0
2023-11-25,27.25,88.5,0.0
2023-11-26,27.0,88.25,0.0
2023-11-26,27.0,88.5,0.0
2023-11-26,27.25,88.25,0.0
2023-11-26,27.25,88.5,0.0
2023-11-27,27.0,88.25,0.0
2023-11-27,27.0,88.5,0.0
2023-11-27,27.25,88.25,0.0
2023-11-27,27.25,88.5,0.0
2023-11-28,27.0,88.25,0.0
2023-11-28,27.0,88.5,0.0
2023-11-28,27.25,88.25,0.0
2023-11-28,27.25,88.5,0.0
2023-11-29,27.0,88.25,0.0
2023-11-29,27.0,88.5,0.0
2023-11-29,27.25,88.25,0.0
2023-11-29,27.25,88.5,0.0
2023-11-30,27.0,88.25,0.0
2023-11-30,27.0,88.5,0.0
2023-11-30,27.25,88.25,0.0
2023-11-30,27.25,88.5,0.0
2023-12-01,27.0,88.25,0.0
2023-12-01,27.0,88.5,0.0
2023-12-01,27.25,88.25,0.0
2023-12-01,27.25,88.5,0.0
2023-12-02,27.0,88.25,0.0
2023-12-02,27.0,88.5,0.0
2023-12-02,27.25,88.25,0.0
2023-12-02,27.25,88.5,0.0
2023-12-03,27.0,88.25,0.0
2023-12-03,27.0,88.5,0.0
2023-12-03,27.25,88.25,0.0
2023-12-03,27.25,88.5,0.0
2023-12-04,27.0,88.25,0.0
2023-12-04,27.0,88.5,0.0
2023-12-04,27.25,88.25,0.0
2023-12-04,27.25,88.5,0.0
2023-12-05,27.0,88.25,0.0
2023-12-05,27.0,88.5,0.0
2023-12-05,27.25,88.25,0.0
2023-12-05,27.25,88.5,0.0
2023-12-06,27.0,88.25,0.0
2023-12-06,27.0,88.5,0.0
2023-12-06,27.25,88.25,0.0
2023-12-06,27.25,88.5,0.0
2023-12-07,27.0,88.25,0.0
2023-12-07,27.0,88.5,0.0
2023-12-07,27.25,88.25,0.0
2023-12-07,27.25,88.5,0.0
2023-12-08,27.0,88.25,2.892759
2023-12-08,27.0,88.5,2.3174753
2023-12-08,27.25,88.25,4.6130834
2023-12-08,27.25,88.5,3.732192
2023-12-09,27.0,88.25,0.0
2023-12-09,27.0,88.5,0.0
2023-12-09,27.25,88.25,0.15233243
2023-12-09,27.25,88.5,0.21269324
2023-12-10,27.0,88.25,0.0
2023-12-10,27.0,88.5,0.0
2023-12-10,27.25,88.25,0.0
2023-12-10,27.25,88.5,0.0
2023-12-11,27.0,88.25,0.0
2023-12-11,27.0,88.5,0.0
2023-12-11,27.25,88.25,0.0
2023-12-11,27.25,88.5,0.0
2023-12-12,27.0,88.25,0.0
2023-12-12,27.0,88.5,0.0
2023-12-12,27.25,88.25,0.0
2023-12-12,27.25,88.5,0.0
2023-12-13,27.0,88.25,0.0
2023-12-13,27.0,88.5,0.9533362
2023-12-13,27.25,88.25,0.0
2023-12-13,27.25,88.5,0.0
2023-12-14,27.0,88.25,0.64972335
2023-12-14,27.0,88.5,2.9036713
2023-12-14,27.25,88.25,0.5159372
2023-12-14,27.25,88.5,0.5347596
2023-12-15,27.0,88.25,0.19491701
2023-12-15,27.0,88.5,0.0
2023-12-15,27.25,88.25,0.0
2023-12-15,27.25,88.5,0.0
2023-12-16,27.0,88.25,0.19491701
2023-12-16,27.0,88.5,0.0
2023-12-16,27.25,88.25,0.0
2023-12-16,27.25,88.5,0.0
2023-12-17,27.0,88.25,0.0
2023-12-17,27.0,88.5,0.0
2023-12-17,27.25,88.25,0.0
2023-12-17,27.25,88.5,0.0
2023-12-18,27.0,88.25,0.0
2023-12-18,27.0,88.5,0.0
2023-12-18,27.25,88.25,0.0
2023-12-18,27.25,88.5,0.0
2023-12-19,27.0,88.25,0.0
2023-12-19,27.0,88.5,0.0
2023-12-19,27.25,88.25,0.0
2023-12-19,27.25,88.5,0.0
2023-12-20,27.0,88.25,0.0
2023-12-20,27.0,88.5,0.0
2023-12-20,27.25,88.25,0.0
2023-12-20,27.25,88.5,0.0
2023-12-21,27.0,88.25,0.0
2023-12-21,27.0,88.5,0.0
2023-12-21,27.25,88.25,0.0
2023-12-21,27.25,88.5,0.0
2023-12-22,27.0,88.25,0.0
2023-12-22,27.0,88.5,0.0
2023-12-22,27.25,88.25,0.0
2023-12-22,27.25,88.5,0.0
2023-12-23,27.0,88.25,0.0
2023-12-23,27.0,88.5,0.0
2023-12-23,27.25,88.25,0.0
2023-12-23,27.25,88.5,0.0
2023-12-24,27.0,88.25,0.0
2023-12-24,27.0,88.5,0.0
2023-12-24,27.25,88.25,0.2199544
2023-12-24,27.25,88.5,0.083309926
2023-12-25,27.0,88.25,0.0
2023-12-25,27.0,88.5,0.0
2023-12-25,27.25,88.25,0.0
2023-12-25,27.25,88.5,0.0
2023-12-26,27.0,88.25,0.0
2023-12-26,27.0,88.5,0.0
2023-12-26,27.25,88.25,0.0
2023-12-26,27.25,88.5,0.0
2023-12-27,27.0,88.25,0.0
2023-12-27,27.0,88.5,0.0
2023-12-27,27.25,88.25,0.0
2023-12-27,27.25,88.5,0.0
2023-12-28,27.0,88.25,0.0
2023-12-28,27.0,88.5,0.0
2023-12-28,27.25,88.25,0.0
2023-12-28,27.25,88.5,0.0
2023-12-29,27.0,88.25,0.0
2023-12-29,27.0,88.5,0.0
2023-12-29,27.25,88.25,0.0
2023-12-29,27.25,88.5,0.0
2023-12-30,27.0,88.25,0.0
2023-12-30,27.0,88.5,0.0
2023-12-30,27.25,88.25,0.0
2023-12-30,27.25,88.5,0.0
2023-12-31,27.0,88.25,0.0
2023-12-31,27.0,88.5,0.0
2023-12-31,27.25,88.25,0.0
2023-12-31,27.25,88.5,0.0
2024-01-01,27.0,88.25,0.0
2024-01-01,27.0,88.5,0.0
2024-01-01,27.25,88.25,0.0
2024-01-01,27.25,88.5,0.0
2024-01-02,27.0,88.25,0.0
2024-01-02,27.0,88.5,0.0
2024-01-02,27.25,88.25,0.0
2024-01-02,27.25,88.5,0.0
2024-01-03,27.0,88.25,0.0
2024-01-03,27.0,88.5,0.0
2024-01-03,27.25,88.25,0.0
2024-01-03,27.25,88.5,0.0
2024-01-04,27.0,88.25,0.0
2024-01-04,27.0,88.5,0.0
2024-01-04,27.25,88.25,0.0
2024-01-04,27.25,88.5,0.0
2024-01-05,27.0,88.25,0.0
2024-01-05,27.0,88.5,0.0
2024-01-05,27.25,88.25,0.0
2024-01-05,27.25,88.5,0.0
2024-01-06,27.0,88.25,0.0
2024-01-06,27.0,88.5,0.0
2024-01-06,27.25,88.25,0.0
2024-01-06,27.25,88.5,0.0
2024-01-07,27.0,88.25,0.0
2024-01-07,27.0,88.5,0.0
2024-01-07,27.25,88.25,0.0
2024-01-07,27.25,88.5,0.0
2024-01-08,27.0,88.25,0.0
2024-01-08,27.0,88.5,0.0
2024-01-08,27.25,88.25,0.0
2024-01-08,27.25,88.5,0.0
2024-01-09,27.0,88.25,0.0
2024-01-09,27.0,88.5,0.0
2024-01-09,27.25,88.25,0.0
2024-01-09,27.25,88.5,0.0
2024-01-10,27.0,88.25,0.0
2024-01-10,27.0,88.5,0.0
2024-01-10,27.25,88.25,0.0
2024-01-10,27.25,88.5,0.0
2024-01-11,27.0,88.25,0.0
2024-01-11,27.0,88.5,0.0
2024-01-11,27.25,88.25,0.0
2024-01-11,27.25,88.5,0.0
2024-01-12,27.0,88.25,0.0
2024-01-12,27.0,88.5,0.0
2024-01-12,27.25,88.25,0.0
2024-01-12,27.25,88.5,0.0
2024-01-13,27.0,88.25,0.0
2024-01-13,27.0,88.5,0.0
2024-01-13,27.25,88.25,0.0
2024-01-13,27.25,88.5,0.0
2024-01-14,27.0,88.25,0.0
2024-01-14,27.0,88.5,0.0
2024-01-14,27.25,88.25,0.0
2024-01-14,27.25,88.5,0.0
2024-01-15,27.0,88.25,0.0
2024-01-15,27.0,88.5,0.0
2024-01-15,27.25,88.25,0.0
2024-01-15,27.25,88.5,0.0
2024-01-16,27.0,88.25,0.0
2024-01-16,27.0,88.5,0.0
2024-01-16,27.25,88.25,0.0
2024-01-16,27.25,88.5,0.0
2024-01-17,27.0,88.25,0.0
2024-01-17,27.0,88.5,0.0
2024-01-17,27.25,88.25,0.0
2024-01-17,27.25,88.5,0.0
2024-01-18,27.0,88.25,0.0
2024-01-18,27.0,88.5,0.0
2024-01-18,27.25,88.25,1.2550786
2024-01-18,27.25,88.5,1.0174248
2024-01-19,27.0,88.25,0.0
2024-01-19,27.0,88.5,0.0
2024-01-19,27.25,88.25,0.0
2024-01-19,27.25,88.5,0.0
2024-01-20,27.0,88.25,0.0
2024-01-20,27.0,88.5,0.0
2024-01-20,27.25,88.25,0.0
2024-01-20,27.25,88.5,0.0
2024-01-21,27.0,88.25,0.0
2024-01-21,27.0,88.5,0.38391247
2024-01-21,27.25,88.25,0.0
2024-01-21,27.25,88.5,0.0
2024-01-22,27.0,88.25,0.0
2024-01-22,27.0,88.5,0.0
2024-01-22,27.25,88.25,0.736188
2024-01-22,27.25,88.5,0.7768534
2024-01-23,27.0,88.25,0.0
2024-01-23,27.0,88.5,0.0
2024-01-23,27.25,88.25,0.0
2024-01-23,27.25,88.5,0.0
2024-01-24,27.0,88.25,0.0
2024-01-24,27.0,88.5,0.0
2024-01-24,27.25,88.25,0.16314368
2024-01-24,27.25,88.5,0.21113886
2024-01-25,27.0,88.25,0.0
2024-01-25,27.0,88.5,0.19282863
2024-01-25,27.25,88.25,0.0
2024-01-25,27.25,88.5,1.7026972
2024-01-26,27.0,88.25,0.0
2024-01-26,27.0,88.5,0.0
2024-01-26,27.25,88.25,0.0
2024-01-26,27.25,88.5,0.0
2024-01-27,27.0,88.25,0.0
2024-01-27,27.0,88.5,0.0
2024-01-27,27.25,88.25,1.6522684
2024-01-27,27.25,88.5,1.5474892
2024-01-28,27.0,88.25,0.0
2024-01-28,27.0,88.5,0.0
2024-01-28,27.25,88.25,0.0
2024-01-28,27.25,88.5,0.0
2024-01-29,27.0,88.25,0.0
2024-01-29,27.0,88.5,0.0
2024-01-29,27.25,88.25,0.0
2024-01-29,27.25,88.5,0.0
2024-01-30,27.0,88.25,0.0
2024-01-30,27.0,88.5,0.0
2024-01-30,27.25,88.25,2.2598412
2024-01-30,27.25,88.5,2.600436
2024-01-31,27.0,88.25,0.27293596
2024-01-31,27.0,88.5,0.0
2024-01-31,27.25,88.25,0.91993207
2024-01-31,27.25,88.5,1.0603575
2024-02-01,27.0,88.25,0.0
2024-02-01,27.0,88.5,0.0
2024-02-01,27.25,88.25,0.5537499
2024-02-01,27.25,88.5,0.41920102
2024-02-02,27.0,88.25,0.4027109
2024-02-02,27.0,88.5,0.0
2024-02-02,27.25,88.25,0.24212547
2024-02-02,27.25,88.5,0.28509048
2024-02-03,27.0,88.25,0.0
2024-02-03,27.0,88.5,0.0
2024-02-03,27.25,88.25,0.800178
2024-02-03,27.25,88.5,0.8659874
2024-02-04,27.0,88.25,0.0
2024-02-04,27.0,88.5,0.162382
2024-02-04,27.25,88.25,0.9722559
2024-02-04,27.25,88.5,2.5310187
2024-02-05,27.0,88.25,0.0
2024-02-05,27.0,88.5,0.0
2024-02-05,27.25,88.25,2.5405614
2024-02-05,27.25,88.5,2.7814178
2024-02-06,27.0,88.25,0.0
2024-02-06,27.0,88.5,0.0
2024-02-06,27.25,88.25,1.1912107
2024-02-06,27.25,88.5,1.1036149
2024-02-07,27.0,88.25,0.0
2024-02-07,27.0,88.5,0.0
2024-02-07,27.25,88.25,0.0
2024-02-07,27.25,88.5,0.0
2024-02-08,27.0,88.25,0.0
2024-02-08,27.0,88.5,0.0
2024-02-08,27.25,88.25,0.30136177
2024-02-08,27.25,88.5,0.34055418
2024-02-09,27.0,88.25,0.0
2024-02-09,27.0,88.5,0.0
2024-02-09,27.25,88.25,0.46577615
2024-02-09,27.25,88.5,0.4484911
2024-02-10,27.0,88.25,0.0
2024-02-10,27.0,88.5,0.0
2024-02-10,27.25,88.25,0.0
2024-02-10,27.25,88.5,0.0
2024-02-11,27.0,88.25,0.0
2024-02-11,27.0,88.5,0.0
2024-02-11,27.25,88.25,0.0
2024-02-11,27.25,88.5,0.0
2024-02-12,27.0,88.25,0.0
2024-02-12,27.0,88.5,0.0
2024-02-12,27.25,88.25,0.0
2024-02-12,27.25,88.5,0.0
2024-02-13,27.0,88.25,0.0
2024-02-13,27.0,88.5,0.0
2024-02-13,27.25,88.25,0.0
2024-02-13,27.25,88.5,0.0
2024-02-14,27.0,88.25,0.0
2024-02-14,27.0,88.5,0.0
2024-02-14,27.25,88.25,0.0
2024-02-14,27.25,88.5,0.0
2024-02-15,27.0,88.25,0.0
2024-02-15,27.0,88.5,0.0
2024-02-15,27.25,88.25,0.0
2024-02-15,27.25,88.5,0.0
2024-02-16,27.0,88.25,0.0
2024-02-16,27.0,88.5,0.0
2024-02-16,27.25,88.25,0.0
2024-02-16,27.25,88.5,0.0
2024-02-17,27.0,88.25,0.0
2024-02-17,27.0,88.5,0.0
2024-02-17,27.25,88.25,0.0
2024-02-17,27.25,88.5,0.0
2024-02-18,27.0,88.25,0.38983402
2024-02-18,27.0,88.5,0.0
2024-02-18,27.25,88.25,0.9904306
2024-02-18,27.25,88.5,0.98624116
2024-02-19,27.0,88.25,0.12545526
2024-02-19,27.0,88.5,0.0
2024-02-19,27.25,88.25,3.218946
2024-02-19,27.25,88.5,2.8178363
2024-02-20,27.0,88.25,0.0
2024-02-20,27.0,88.5,0.0
2024-02-20,27.25,88.25,0.0
2024-02-20,27.25,88.5,0.0
2024-02-21,27.0,88.25,0.0
2024-02-21,27.0,88.5,0.0
2024-02-21,27.25,88.25,0.0
2024-02-21,27.25,88.5,0.0
2024-02-22,27.0,88.25,0.0
2024-02-22,27.0,88.5,0.0
2024-02-22,27.25,88.25,0.0
2024-02-22,27.25,88.5,0.0
2024-02-23,27.0,88.25,0.45480633
2024-02-23,27.0,88.5,0.0
2024-02-23,27.25,88.25,0.0
2024-02-23,27.25,88.5,0.0
2024-02-24,27.0,88.25,0.0
2024-02-24,27.0,88.5,0.0
2024-02-24,27.25,88.25,2.976605
2024-02-24,27.25,88.5,2.0846512
2024-02-25,27.0,88.25,0.0
2024-02-25,27.0,88.5,0.0
2024-02-25,27.25,88.25,0.0
2024-02-25,27.25,88.5,0.0
2024-02-26,27.0,88.25,0.0
2024-02-26,27.0,88.5,0.0
2024-02-26,27.25,88.25,0.0
2024-02-26,27.25,88.5,0.0
2024-02-27,27.0,88.25,0.0
2024-02-27,27.0,88.5,0.0
2024-02-27,27.25,88.25,0.0
2024-02-27,27.25,88.5,0.0
2024-02-28,27.0,88.25,0.0
2024-02-28,27.0,88.5,0.0
2024-02-28,27.25,88.25,0.0
2024-02-28,27.25,88.5,0.0
2024-02-29,27.0,88.25,0.0
2024-02-29,27.0,88.5,0.0
2024-02-29,27.25,88.25,0.0
2024-02-29,27.25,88.5,0.0
2024-03-01,27.0,88.25,0.0
2024-03-01,27.0,88.5,0.11163762
2024-03-01,27.25,88.25,2.7658176
2024-03-01,27.25,88.5,2.5644073
2024-03-02,27.0,88.25,0.0
2024-03-02,27.0,88.5,0.0
2024-03-02,27.25,88.25,0.0
2024-03-02,27.25,88.5,0.10021142
2024-03-03,27.0,88.25,0.0
2024-03-03,27.0,88.5,0.0
2024-03-03,27.25,88.25,0.0
2024-03-03,27.25,88.5,0.0
2024-03-04,27.0,88.25,0.0
2024-03-04,27.0,88.5,0.0
2024-03-04,27.25,88.25,0.0
2024-03-04,27.25,88.5,0.0
2024-03-05,27.0,88.25,0.0
2024-03-05,27.0,88.5,0.0
2024-03-05,27.25,88.25,0.0
2024-03-05,27.25,88.5,0.0
2024-03-06,27.0,88.25,0.0
2024-03-06,27.0,88.5,0.0
2024-03-06,27.25,88.25,0.0
2024-03-06,27.25,88.5,0.0
2024-03-07,27.0,88.25,0.0
2024-03-07,27.0,88.5,0.0
2024-03-07,27.25,88.25,0.0
2024-03-07,27.25,88.5,0.0
2024-03-08,27.0,88.25,0.0
2024-03-08,27.0,88.5,0.0
2024-03-08,27.25,88.25,0.0
2024-03-08,27.25,88.5,0.0
2024-03-09,27.0,88.25,0.0
2024-03-09,27.0,88.5,0.0
2024-03-09,27.25,88.25,0.0
2024-03-09,27.25,88.5,0.0
2024-03-10,27.0,88.25,0.0
2024-03-10,27.0,88.5,0.0
2024-03-10,27.25,88.25,0.0
2024-03-10,27.25,88.5,0.0
2024-03-11,27.0,88.25,0.0
2024-03-11,27.0,88.5,0.0
2024-03-11,27.25,88.25,0.0
2024-03-11,27.25,88.5,0.0
2024-03-12,27.0,88.25,0.0
2024-03-12,27.0,88.5,0.0
2024-03-12,27.25,88.25,0.0
2024-03-12,27.25,88.5,0.0
2024-03-13,27.0,88.25,0.0
2024-03-13,27.0,88.5,0.0
2024-03-13,27.25,88.25,0.27643624
2024-03-13,27.25,88.5,0.2588307
2024-03-14,27.0,88.25,0.0
2024-03-14,27.0,88.5,0.0
2024-03-14,27.25,88.25,0.0
2024-03-14,27.25,88.5,0.0
2024-03-15,27.0,88.25,0.0
2024-03-15,27.0,88.5,0.0
2024-03-15,27.25,88.25,0.0
2024-03-15,27.25,88.5,0.0
2024-03-16,27.0,88.25,0.0
2024-03-16,27.0,88.5,0.0
2024-03-16,27.25,88.25,0.0
2024-03-16,27.25,88.5,0.0
2024-03-17,27.0,88.25,0.0
2024-03-17,27.0,88.5,0.0
2024-03-17,27.25,88.25,1.1800706
2024-03-17,27.25,88.5,1.4085189
2024-03-18,27.0,88.25,0.0
2024-03-18,27.0,88.5,0.0
2024-03-18,27.25,88.25,0.0
2024-03-18,27.25,88.5,0.0
2024-03-19,27.0,88.25,0.0
2024-03-19,27.0,88.5,0.0
2024-03-19,27.25,88.25,0.0
2024-03-19,27.25,88.5,0.0
2024-03-20,27.0,88.25,10.413481
2024-03-20,27.0,88.5,1.8233731
2024-03-20,27.25,88.25,3.375143
2024-03-20,27.25,88.5,1.8164786
2024-03-21,27.0,88.25,26.968243
2024-03-21,27.0,88.5,15.45402
2024-03-21,27.25,88.25,25.207315
2024-03-21,27.25,88.5,27.142107
2024-03-22,27.0,88.25,50.80876
2024-03-22,27.0,88.5,7.108805
2024-03-22,27.25,88.25,19.294401
2024-03-22,27.25,88.5,16.819412
2024-03-23,27.0,88.25,13.418613
2024-03-23,27.0,88.5,44.988064
2024-03-23,27.25,88.25,10.128984
2024-03-23,27.25,88.5,10.465499
2024-03-24,27.0,88.25,17.566631
2024-03-24,27.0,88.5,18.48491
2024-03-24,27.25,88.25,6.9577007
2024-03-24,27.25,88.5,4.1707673
2024-03-25,27.0,88.25,0.0
2024-03-25,27.0,88.5,0.0
2024-03-25,27.25,88.25,0.11847268
2024-03-25,27.25,88.5,0.11092745
2024-03-26,27.0,88.25,2.330199
2024-03-26,27.0,88.5,6.601048
2024-03-26,27.25,88.25,33.012676
2024-03-26,27.25,88.5,39.96001
2024-03-27,27.0,88.25,1.0768669
2024-03-27,27.0,88.5,0.3013896
2024-03-27,27.25,88.25,0.64343965
2024-03-27,27.25,88.5,0.74134564
2024-03-28,27.0,88.25,2.970168
2024-03-28,27.0,88.5,0.8317626
2024-03-28,27.25,88.25,1.1499482
2024-03-28,27.25,88.5,2.1982908
2024-03-29,27.0,88.25,0.0
2024-03-29,27.0,88.5,0.0
2024-03-29,27.25,88.25,0.0
2024-03-29,27.25,88.5,0.0
2024-03-30,27.0,88.25,0.0
2024-03-30,27.0,88.5,0.0
2024-03-30,27.25,88.25,0.0
2024-03-30,27.25,88.5,0.0
2024-03-31,27.0,88.25,0.0
2024-03-31,27.0,88.5,0.0
2024-03-31,27.25,88.25,0.55384743
2024-03-31,27.25,88.5,1.1839865
2024-04-01,27.0,88.25,0.12096585
2024-04-01,27.0,88.5,0.14208426
2024-04-01,27.25,88.25,4.759383
2024-04-01,27.25,88.5,5.5940104
2024-04-02,27.0,88.25,0.0
2024-04-02,27.0,88.5,0.0
2024-04-02,27.25,88.25,0.0
2024-04-02,27.25,88.5,0.0
2024-04-03,27.0,88.25,0.0
2024-04-03,27.0,88.5,0.0
2024-04-03,27.25,88.25,0.0
2024-04-03,27.25,88.5,0.0
2024-04-04,27.0,88.25,0.0
2024-04-04,27.0,88.5,0.0
2024-04-04,27.25,88.25,0.0
2024-04-04,27.25,88.5,0.0
2024-04-05,27.0,88.25,0.0
2024-04-05,27.0,88.5,0.0
2024-04-05,27.25,88.25,0.0
2024-04-05,27.25,88.5,0.0
2024-04-06,27.0,88.25,0.0
2024-04-06,27.0,88.5,0.0
2024-04-06,27.25,88.25,0.0
2024-04-06,27.25,88.5,0.0
2024-04-07,27.0,88.25,0.0
2024-04-07,27.0,88.5,0.0
2024-04-07,27.25,88.25,0.0
2024-04-07,27.25,88.5,0.0
2024-04-08,27.0,88.25,0.0
2024-04-08,27.0,88.5,0.0
2024-04-08,27.25,88.25,0.0
2024-04-08,27.25,88.5,0.0
2024-04-09,27.0,88.25,0.0
2024-04-09,27.0,88.5,0.0
2024-04-09,27.25,88.25,1.242086
2024-04-09,27.25,88.5,1.1863348
2024-04-10,27.0,88.25,0.9270848
2024-04-10,27.0,88.5,1.9589903
2024-04-10,27.25,88.25,4.83804
2024-04-10,27.25,88.5,3.0451317
2024-04-11,27.0,88.25,4.3316336
2024-04-11,27.0,88.5,0.57025737
2024-04-11,27.25,88.25,1.2956666
2024-04-11,27.25,88.5,1.4641792
2024-04-12,27.0,88.25,1.2138088
2024-04-12,27.0,88.5,0.6710911
2024-04-12,27.25,88.25,9.886546
2024-04-12,27.25,88.5,8.7267885
2024-04-13,27.0,88.25,0.0
2024-04-13,27.0,88.5,0.0
2024-04-13,27.25,88.25,0.0
2024-04-13,27.25,88.5,0.0
2024-04-14,27.0,88.25,0.0
2024-04-14,27.0,88.5,0.0
2024-04-14,27.25,88.25,0.9471611
2024-04-14,27.25,88.5,1.1500496
2024-04-15,27.0,88.25,16.398363
2024-04-15,27.0,88.5,0.47530395
2024-04-15,27.25,88.25,23.668303
2024-04-15,27.25,88.5,5.62692
2024-04-16,27.0,88.25,1.0917438
2024-04-16,27.0,88.5,9.484138
2024-04-16,27.25,88.25,6.402783
2024-04-16,27.25,88.5,4.6293592
2024-04-17,27.0,88.25,10.200227
2024-04-17,27.0,88.5,0.9747981
2024-04-17,27.25,88.25,50.454075
2024-04-17,27.25,88.5,40.101833
2024-04-18,27.0,88.25,4.937897
2024-04-18,27.0,88.5,10.901606
2024-04-18,27.25,88.25,10.041515
2024-04-18,27.25,88.5,10.151342
2024-04-19,27.0,88.25,1.0917438
2024-04-19,27.0,88.5,0.4741669
2024-04-19,27.25,88.25,6.472101
2024-04-19,27.25,88.5,6.1159496
2024-04-20,27.0,88.25,0.0
2024-04-20,27.0,88.5,0.13193537
2024-04-20,27.25,88.25,0.29055056
2024-04-20,27.25,88.5,1.5071119
2024-04-21,27.0,88.25,1.6345645
2024-04-21,27.0,88.5,0.19282863
2024-04-21,27.25,88.25,3.4628747
2024-04-21,27.25,88.5,4.3375535
2024-04-22,27.0,88.25,0.0
2024-04-22,27.0,88.5,0.0
2024-04-22,27.25,88.25,0.0
2024-04-22,27.25,88.5,0.0
2024-04-23,27.0,88.25,0.0
2024-04-23,27.0,88.5,0.0
2024-04-23,27.25,88.25,0.0
2024-04-23,27.25,88.5,0.0
2024-04-24,27.0,88.25,0.0
2024-04-24,27.0,88.5,0.0
2024-04-24,27.25,88.25,0.0
2024-04-24,27.25,88.5,0.0
2024-04-25,27.0,88.25,0.0
2024-04-25,27.0,88.5,0.0
2024-04-25,27.25,88.25,0.0
2024-04-25,27.25,88.5,0.0
2024-04-26,27.0,88.25,0.0
2024-04-26,27.0,88.5,0.0
2024-04-26,27.25,88.25,0.0
2024-04-26,27.25,88.5,0.0
2024-04-27,27.0,88.25,0.0
2024-04-27,27.0,88.5,0.0
2024-04-27,27.25,88.25,0.0
2024-04-27,27.25,88.5,0.0
2024-04-28,27.0,88.25,0.0
2024-04-28,27.0,88.5,0.0
2024-04-28,27.25,88.25,0.0
2024-04-28,27.25,88.5,0.0
2024-04-29,27.0,88.25,0.0
2024-04-29,27.0,88.5,0.0
2024-04-29,27.25,88.25,3.6472769
2024-04-29,27.25,88.5,5.447879
2024-04-30,27.0,88.25,0.0
2024-04-30,27.0,88.5,0.0
2024-04-30,27.25,88.25,0.8095633
2024-04-30,27.25,88.5,1.0830595
2024-05-01,27.0,88.25,0.0
2024-05-01,27.0,88.5,0.0
2024-05-01,27.25,88.25,0.0
2024-05-01,27.25,88.5,0.0
2024-05-02,27.0,88.25,0.0
2024-05-02,27.0,88.5,0.0
2024-05-02,27.25,88.25,0.0
2024-05-02,27.25,88.5,0.0
2024-05-03,27.0,88.25,0.0
2024-05-03,27.0,88.5,0.0
2024-05-03,27.25,88.25,0.0
2024-05-03,27.25,88.5,0.0
2024-05-04,27.0,88.25,0.0
2024-05-04,27.0,88.5,0.0
2024-05-04,27.25,88.25,0.0
2024-05-04,27.25,88.5,0.0
2024-05-05,27.0,88.25,0.0
2024-05-05,27.0,88.5,0.0
2024-05-05,27.25,88.25,1.355744
2024-05-05,27.25,88.5,0.9895728
2024-05-06,27.0,88.25,2.1030862
2024-05-06,27.0,88.5,3.800703
2024-05-06,27.25,88.25,0.5945993
2024-05-06,27.25,88.5,1.7081379
2024-05-07,27.0,88.25,0.58631045
2024-05-07,27.0,88.5,14.378679
2024-05-07,27.25,88.25,26.26973
2024-05-07,27.25,88.5,19.697763
2024-05-08,27.0,88.25,16.377504
2024-05-08,27.0,88.5,4.0599065
2024-05-08,27.25,88.25,3.1479657
2024-05-08,27.25,88.5,2.7407048
2024-05-09,27.0,88.25,0.29357353
2024-05-09,27.0,88.5,0.0
2024-05-09,27.25,88.25,0.0
2024-05-09,27.25,88.5,0.0
2024-05-10,27.0,88.25,0.0
2024-05-10,27.0,88.5,0.0
2024-05-10,27.25,88.25,0.39303187
2024-05-10,27.25,88.5,0.27883056
2024-05-11,27.0,88.25,1.082572
2024-05-11,27.0,88.5,8.32535
2024-05-11,27.25,88.25,0.30136177
2024-05-11,27.25,88.5,3.7869532
2024-05-12,27.0,88.25,47.282063
2024-05-12,27.0,88.5,15.559199
2024-05-12,27.25,88.25,19.975813
2024-05-12,27.25,88.5,15.456154
2024-05-13,27.0,88.25,10.078753
2024-05-13,27.0,88.5,16.054602
2024-05-13,27.25,88.25,6.033525
2024-05-13,27.25,88.5,9.79085
2024-05-14,27.0,88.25,0.0
2024-05-14,27.0,88.5,0.0
2024-05-14,27.25,88.25,0.6431608
2024-05-14,27.25,88.5,0.477878
2024-05-15,27.0,88.25,0.0
2024-05-15,27.0,88.5,0.0
2024-05-15,27.25,88.25,2.5092344
2024-05-15,27.25,88.5,2.2003896
2024-05-16,27.0,88.25,0.68402886
2024-05-16,27.0,88.5,0.0
2024-05-16,27.25,88.25,31.323997
2024-05-16,27.25,88.5,4.693331
2024-05-17,27.0,88.25,21.694426
2024-05-17,27.0,88.5,0.0
2024-05-17,27.25,88.25,1.518473
2024-05-17,27.25,88.5,2.7009761
2024-05-18,27.0,88.25,12.264148
2024-05-18,27.0,88.5,29.048233
2024-05-18,27.25,88.25,5.8991942
2024-05-18,27.25,88.5,14.001145
2024-05-19,27.0,88.25,21.088245
2024-05-19,27.0,88.5,42.93073
2024-05-19,27.25,88.25,37.14946
2024-05-19,27.25,88.5,35.363716
2024-05-20,27.0,88.25,23.039677
2024-05-20,27.0,88.5,8.559031
2024-05-20,27.25,88.25,2.377918
2024-05-20,27.25,88.5,11.416044
2024-05-21,27.0,88.25,1.0757587
2024-05-21,27.0,88.5,14.569364
2024-05-21,27.25,88.25,7.2492595
2024-05-21,27.25,88.5,11.722425
2024-05-22,27.0,88.25,0.31192186
2024-05-22,27.0,88.5,0.0
2024-05-22,27.25,88.25,4.950376
2024-05-22,27.25,88.5,1.2769121
2024-05-23,27.0,88.25,20.005764
2024-05-23,27.0,88.5,1.9193004
2024-05-23,27.25,88.25,7.111494
2024-05-23,27.25,88.5,7.1214237
2024-05-24,27.0,88.25,0.0
2024-05-24,27.0,88.5,0.0
2024-05-24,27.25,88.25,0.0
2024-05-24,27.25,88.5,0.0
2024-05-25,27.0,88.25,0.0
2024-05-25,27.0,88.5,0.0
2024-05-25,27.25,88.25,0.0
2024-05-25,27.25,88.5,0.0
2024-05-26,27.0,88.25,0.0
2024-05-26,27.0,88.5,0.0
2024-05-26,27.25,88.25,0.0
2024-05-26,27.25,88.5,11.696636
2024-05-27,27.0,88.25,40.398483
2024-05-27,27.0,88.5,41.285316
2024-05-27,27.25,88.25,4.406945
2024-05-27,27.25,88.5,25.8021
2024-05-28,27.0,88.25,0.0
2024-05-28,27.0,88.5,0.0
2024-05-28,27.25,88.25,4.4330387
2024-05-28,27.25,88.5,3.7684839
2024-05-29,27.0,88.25,2.9939446
2024-05-29,27.0,88.5,47.692455
2024-05-29,27.25,88.25,2.283377
2024-05-29,27.25,88.5,17.794409
2024-05-30,27.0,88.25,26.06811
2024-05-30,27.0,88.5,9.328744
2024-05-30,27.25,88.25,23.51251
2024-05-30,27.25,88.5,8.40112
2024-05-31,27.0,88.25,4.1338487
2024-05-31,27.0,88.5,7.989032
2024-05-31,27.25,88.25,53.29775
2024-05-31,27.25,88.5,43.93108
2024-06-01,27.0,88.25,12.558475
2024-06-01,27.0,88.5,2.9923317
2024-06-01,27.25,88.25,0.33191848
2024-06-01,27.25,88.5,1.7127682
2024-06-02,27.0,88.25,1.7536235
2024-06-02,27.0,88.5,49.26156
2024-06-02,27.25,88.25,27.877869
2024-06-02,27.25,88.5,31.254059
2024-06-03,27.0,88.25,1.0761868
2024-06-03,27.0,88.5,1.0079502
2024-06-03,27.25,88.25,4.9497805
2024-06-03,27.25,88.5,4.426571
2024-06-04,27.0,88.25,16.343222
2024-06-04,27.0,88.5,24.230947
2024-06-04,27.25,88.25,47.97139
2024-06-04,27.25,88.5,49.401028
2024-06-05,27.0,88.25,27.575006
2024-06-05,27.0,88.5,89.96708
2024-06-05,27.25,88.25,15.417527
2024-06-05,27.25,88.5,47.7073
2024-06-06,27.0,88.25,9.108986
2024-06-06,27.0,88.5,24.084686
2024-06-06,27.25,88.25,0.29979104
2024-06-06,27.25,88.5,11.287591
2024-06-07,27.0,88.25,13.654438
2024-06-07,27.0,88.5,24.007284
2024-06-07,27.25,88.25,0.41795743
2024-06-07,27.25,88.5,9.975595
2024-06-08,27.0,88.25,7.7079563
2024-06-08,27.0,88.5,22.321165
2024-06-08,27.25,88.25,18.66063
2024-06-08,27.25,88.5,29.36419
2024-06-09,27.0,88.25,23.13597
2024-06-09,27.0,88.5,11.981122
2024-06-09,27.25,88.25,4.382762
2024-06-09,27.25,88.5,7.386338
2024-06-10,27.0,88.25,1.9999696
2024-06-10,27.0,88.5,60.729008
2024-06-10,27.25,88.25,28.364363
2024-06-10,27.25,88.5,41.28063
2024-06-11,27.0,88.25,17.107615
2024-06-11,27.0,88.5,23.20706
2024-06-11,27.25,88.25,69.016
2024-06-11,27.25,88.5,50.487694
2024-06-12,27.0,88.25,24.949373
2024-06-12,27.0,88.5,36.32562
2024-06-12,27.25,88.25,26.322948
2024-06-12,27.25,88.5,35.17111
2024-06-13,27.0,88.25,29.989397
2024-06-13,27.0,88.5,139.42833
2024-06-13,27.25,88.25,9.536926
2024-06-13,27.25,88.5,76.708015
2024-06-14,27.0,88.25,46.11227
2024-06-14,27.0,88.5,136.28076
2024-06-14,27.25,88.25,26.647081
2024-06-14,27.25,88.5,73.38251
2024-06-15,27.0,88.25,18.99986
2024-06-15,27.0,88.5,24.054905
2024-06-15,27.25,88.25,42.68727
2024-06-15,27.25,88.5,36.343586
2024-06-16,27.0,88.25,74.903885
2024-06-16,27.0,88.5,22.212727
2024-06-16,27.25,88.25,8.147781
2024-06-16,27.25,88.5,13.968812
2024-06-17,27.0,88.25,44.300255
2024-06-17,27.0,88.5,26.547398
2024-06-17,27.25,88.25,11.473035
2024-06-17,27.25,88.5,21.754639
2024-06-18,27.0,88.25,71.31293
2024-06-18,27.0,88.5,29.521877
2024-06-18,27.25,88.25,13.13577
2024-06-18,27.25,88.5,20.870733
2024-06-19,27.0,88.25,86.29834
2024-06-19,27.0,88.5,43.91576
2024-06-19,27.25,88.25,39.990547
2024-06-19,27.25,88.5,35.90907
2024-06-20,27.0,88.25,31.986061
2024-06-20,27.0,88.5,47.255104
2024-06-20,27.25,88.25,38.876484
2024-06-20,27.25,88.5,41.12863
2024-06-21,27.0,88.25,34.122814
2024-06-21,27.0,88.5,46.87465
2024-06-21,27.25,88.25,18.715324
2024-06-21,27.25,88.5,33.539097
2024-06-22,27.0,88.25,3.6243358
2024-06-22,27.0,88.5,37.373585
2024-06-22,27.25,88.25,6.1079884
2024-06-22,27.25,88.5,23.705385
2024-06-23,27.0,88.25,40.778805
2024-06-23,27.0,88.5,18.135778
2024-06-23,27.25,88.25,15.202457
2024-06-23,27.25,88.5,11.97395
2024-06-24,27.0,88.25,9.228987
2024-06-24,27.0,88.5,32.342625
2024-06-24,27.25,88.25,6.396522
2024-06-24,27.25,88.5,15.981476
2024-06-25,27.0,88.25,19.155912
2024-06-25,27.0,88.5,17.657991
2024-06-25,27.25,88.25,22.600662
2024-06-25,27.25,88.5,17.490614
2024-06-26,27.0,88.25,40.547684
2024-06-26,27.0,88.5,3.8709955
2024-06-26,27.25,88.25,18.860708
2024-06-26,27.25,88.5,26.00567
2024-06-27,27.0,88.25,12.774611
2024-06-27,27.0,88.5,8.64189
2024-06-27,27.25,88.25,29.150366
2024-06-27,27.25,88.5,15.5005665
2024-06-28,27.0,88.25,30.443382
2024-06-28,27.0,88.5,99.9076
2024-06-28,27.25,88.25,2.4639037
2024-06-28,27.25,88.5,48.38629
2024-06-29,27.0,88.25,92.00585
2024-06-29,27.0,88.5,65.06405
2024-06-29,27.25,88.25,27.042616
2024-06-29,27.25,88.5,49.57164
2024-06-30,27.0,88.25,57.648346
2024-06-30,27.0,88.5,94.346695
2024-06-30,27.25,88.25,13.506565
2024-06-30,27.25,88.5,52.484447
2024-07-01,27.0,88.25,0.81374174
2024-07-01,27.0,88.5,26.456392
2024-07-01,27.25,88.25,3.7018173
2024-07-01,27.25,88.5,17.596846
2024-07-02,27.0,88.25,87.72376
2024-07-02,27.0,88.5,80.46006
2024-07-02,27.25,88.25,14.536068
2024-07-02,27.25,88.5,47.407463
2024-07-03,27.0,88.25,18.010977
2024-07-03,27.0,88.5,41.443577
2024-07-03,27.25,88.25,17.605524
2024-07-03,27.25,88.5,40.12592
2024-07-04,27.0,88.25,23.984625
2024-07-04,27.0,88.5,19.775557
2024-07-04,27.25,88.25,19.885166
2024-07-04,27.25,88.5,23.074701
2024-07-05,27.0,88.25,57.519867
2024-07-05,27.0,88.5,28.363617
2024-07-05,27.25,88.25,3.8949385
2024-07-05,27.25,88.5,15.257753
2024-07-06,27.0,88.25,116.37436
2024-07-06,27.0,88.5,42.902893
2024-07-06,27.25,88.25,26.029686
2024-07-06,27.25,88.5,29.508965
2024-07-07,27.0,88.25,72.981224
2024-07-07,27.0,88.5,36.346985
2024-07-07,27.25,88.25,3.436399
2024-07-07,27.25,88.5,15.43317
2024-07-08,27.0,88.25,20.401472
2024-07-08,27.0,88.5,14.916667
2024-07-08,27.25,88.25,3.928005
2024-07-08,27.25,88.5,9.356508
2024-07-09,27.0,88.25,36.155937
2024-07-09,27.0,88.5,36.319374
2024-07-09,27.25,88.25,16.059444
2024-07-09,27.25,88.5,21.53098
2024-07-10,27.0,88.25,10.281258
2024-07-10,27.0,88.5,22.477066
2024-07-10,27.25,88.25,6.7641125
2024-07-10,27.25,88.5,14.379489
2024-07-11,27.0,88.25,11.769514
2024-07-11,27.0,88.5,15.142756
2024-07-11,27.25,88.25,6.843361
2024-07-11,27.25,88.5,9.347196
2024-07-12,27.0,88.25,63.595566
2024-07-12,27.0,88.5,52.667946
2024-07-12,27.25,88.25,47.3341
2024-07-12,27.25,88.5,54.669373
2024-07-13,27.0,88.25,5.5992203
2024-07-13,27.0,88.5,56.453106
2024-07-13,27.25,88.25,11.30466
2024-07-13,27.25,88.5,36.568287
2024-07-14,27.0,88.25,11.741954
2024-07-14,27.0,88.5,56.986015
2024-07-14,27.25,88.25,9.743097
2024-07-14,27.25,88.5,30.39203
2024-07-15,27.0,88.25,38.05184
2024-07-15,27.0,88.5,61.485798
2024-07-15,27.25,88.25,29.046928
2024-07-15,27.25,88.5,44.896217
2024-07-16,27.0,88.25,16.742311
2024-07-16,27.0,88.5,73.400566
2024-07-16,27.25,88.25,14.889604
2024-07-16,27.25,88.5,40.04932
2024-07-17,27.0,88.25,0.23213351
2024-07-17,27.0,88.5,4.743956
2024-07-17,27.25,88.25,4.8771133
2024-07-17,27.25,88.5,5.6587296
2024-07-18,27.0,88.25,26.827198
2024-07-18,27.0,88.5,86.67617
2024-07-18,27.25,88.25,29.815273
2024-07-18,27.25,88.5,55.41287
2024-07-19,27.0,88.25,0.0
2024-07-19,27.0,88.5,0.20698686
2024-07-19,27.25,88.25,3.9798498
2024-07-19,27.25,88.5,2.7378232
2024-07-20,27.0,88.25,31.655182
2024-07-20,27.0,88.5,32.9744
2024-07-20,27.25,88.25,30.251583
2024-07-20,27.25,88.5,37.159454
2024-07-21,27.0,88.25,8.580521
2024-07-21,27.0,88.5,13.596524
2024-07-21,27.25,88.25,7.3159337
2024-07-21,27.25,88.5,11.475578
2024-07-22,27.0,88.25,44.561382
2024-07-22,27.0,88.5,67.11778
2024-07-22,27.25,88.25,16.108027
2024-07-22,27.25,88.5,39.03409
2024-07-23,27.0,88.25,35.643753
2024-07-23,27.0,88.5,46.411556
2024-07-23,27.25,88.25,9.052003
2024-07-23,27.25,88.5,26.474512
2024-07-24,27.0,88.25,4.2914395
2024-07-24,27.0,88.5,14.659856
2024-07-24,27.25,88.25,12.432848
2024-07-24,27.25,88.5,16.441162
2024-07-25,27.0,88.25,6.337925
2024-07-25,27.0,88.5,44.171432
2024-07-25,27.25,88.25,18.904755
2024-07-25,27.25,88.5,32.419403
2024-07-26,27.0,88.25,0.19543682
2024-07-26,27.0,88.5,21.264055
2024-07-26,27.25,88.25,6.721981
2024-07-26,27.25,88.5,14.303829
2024-07-27,27.0,88.25,29.512215
2024-07-27,27.0,88.5,64.35686
2024-07-27,27.25,88.25,4.0723567
2024-07-27,27.25,88.5,31.642553
2024-07-28,27.0,88.25,11.889646
2024-07-28,27.0,88.5,5.1330214
2024-07-28,27.25,88.25,24.544535
2024-07-28,27.25,88.5,18.914227
2024-07-29,27.0,88.25,0.10390425
2024-07-29,27.0,88.5,1.356139
2024-07-29,27.25,88.25,8.290956
2024-07-29,27.25,88.5,5.9620957
2024-07-30,27.0,88.25,0.34222358
2024-07-30,27.0,88.5,28.670551
2024-07-30,27.25,88.25,11.234765
2024-07-30,27.25,88.5,20.345537
2024-07-31,27.0,88.25,20.658863
2024-07-31,27.0,88.5,22.370535
2024-07-31,27.25,88.25,6.990189
2024-07-31,27.25,88.5,13.805814
2024-08-01,27.0,88.25,28.17337
2024-08-01,27.0,88.5,20.471867
2024-08-01,27.25,88.25,14.644105
2024-08-01,27.25,88.5,20.913952
2024-08-02,27.0,88.25,44.680164
2024-08-02,27.0,88.5,25.730043
2024-08-02,27.25,88.25,33.87184
2024-08-02,27.25,88.5,36.206146
2024-08-03,27.0,88.25,36.543606
2024-08-03,27.0,88.5,17.17288
2024-08-03,27.25,88.25,39.77665
2024-08-03,27.25,88.5,33.566414
2024-08-04,27.0,88.25,5.006677
2024-08-04,27.0,88.5,19.796064
2024-08-04,27.25,88.25,15.197947
2024-08-04,27.25,88.5,18.800476
2024-08-05,27.0,88.25,0.11009008
2024-08-05,27.0,88.5,7.0577726
2024-08-05,27.25,88.25,2.094189
2024-08-05,27.25,88.5,3.9963663
2024-08-06,27.0,88.25,40.461475
2024-08-06,27.0,88.5,23.977951
2024-08-06,27.25,88.25,45.885994
2024-08-06,27.25,88.5,44.02724
2024-08-07,27.0,88.25,54.097416
2024-08-07,27.0,88.5,26.021769
2024-08-07,27.25,88.25,22.841953
2024-08-07,27.25,88.5,32.255234
2024-08-08,27.0,88.25,16.056717
2024-08-08,27.0,88.5,39.153023
2024-08-08,27.25,88.25,5.4379354
2024-08-08,27.25,88.5,21.611423
2024-08-09,27.0,88.25,20.853844
2024-08-09,27.0,88.5,28.777515
2024-08-09,27.25,88.25,4.9504995
2024-08-09,27.25,88.5,18.922178
2024-08-10,27.0,88.25,14.626272
2024-08-10,27.0,88.5,12.557145
2024-08-10,27.25,88.25,0.9936587
2024-08-10,27.25,88.5,5.715294
2024-08-11,27.0,88.25,0.5781126
2024-08-11,27.0,88.5,13.725696
2024-08-11,27.25,88.25,9.070634
2024-08-11,27.25,88.5,12.576447
2024-08-12,27.0,88.25,1.1805191
2024-08-12,27.0,88.5,16.40187
2024-08-12,27.25,88.25,5.5229864
2024-08-12,27.25,88.5,12.094673
2024-08-13,27.0,88.25,0.0
2024-08-13,27.0,88.5,2.7513218
2024-08-13,27.25,88.25,3.7943563
2024-08-13,27.25,88.5,6.7319784
2024-08-14,27.0,88.25,4.805064
2024-08-14,27.0,88.5,2.9826982
2024-08-14,27.25,88.25,17.150047
2024-08-14,27.25,88.5,22.721478
2024-08-15,27.0,88.25,1.3874714
2024-08-15,27.0,88.5,13.786145
2024-08-15,27.25,88.25,12.730402
2024-08-15,27.25,88.5,16.010992
2024-08-16,27.0,88.25,0.0
2024-08-16,27.0,88.5,5.7485533
2024-08-16,27.25,88.25,0.61606646
2024-08-16,27.25,88.5,2.9758124
2024-08-17,27.0,88.25,0.0
2024-08-17,27.0,88.5,0.0
2024-08-17,27.25,88.25,1.1766033
2024-08-17,27.25,88.5,0.64966017
2024-08-18,27.0,88.25,5.5623865
2024-08-18,27.0,88.5,1.1541034
2024-08-18,27.25,88.25,1.9378682
2024-08-18,27.25,88.5,1.2914209
2024-08-19,27.0,88.25,0.6298302
2024-08-19,27.0,88.5,3.9996488
2024-08-19,27.25,88.25,25.06187
2024-08-19,27.25,88.5,19.848854
2024-08-20,27.0,88.25,1.2415309
2024-08-20,27.0,88.5,3.8911965
2024-08-20,27.25,88.25,5.237463
2024-08-20,27.25,88.5,5.8555684
2024-08-21,27.0,88.25,9.259121
2024-08-21,27.0,88.5,28.145607
2024-08-21,27.25,88.25,8.92923
2024-08-21,27.25,88.5,19.250648
2024-08-22,27.0,88.25,0.0
2024-08-22,27.0,88.5,9.378768
2024-08-22,27.25,88.25,7.8565965
2024-08-22,27.25,88.5,9.85583
2024-08-23,27.0,88.25,19.385712
2024-08-23,27.0,88.5,33.45676
2024-08-23,27.25,88.25,3.3331866
2024-08-23,27.25,88.5,15.910024
2024-08-24,27.0,88.25,0.0
2024-08-24,27.0,88.5,0.5734932
2024-08-24,27.25,88.25,11.529617
2024-08-24,27.25,88.5,8.366265
2024-08-25,27.0,88.25,1.8152606
2024-08-25,27.0,88.5,5.610562
2024-08-25,27.25,88.25,13.572379
2024-08-25,27.25,88.5,10.175791
2024-08-26,27.0,88.25,0.734179
2024-08-26,27.0,88.5,6.298729
2024-08-26,27.25,88.25,4.796399
2024-08-26,27.25,88.5,4.840682
2024-08-27,27.0,88.25,27.339964
2024-08-27,27.0,88.5,9.704172
2024-08-27,27.25,88.25,38.37467
2024-08-27,27.25,88.5,31.038973
2024-08-28,27.0,88.25,0.6848851
2024-08-28,27.0,88.5,0.0
2024-08-28,27.25,88.25,13.485018
2024-08-28,27.25,88.5,10.207618
2024-08-29,27.0,88.25,0.3976967
2024-08-29,27.0,88.5,5.2277794
2024-08-29,27.25,88.25,1.4656941
2024-08-29,27.25,88.5,3.301718
2024-08-30,27.0,88.25,0.0
2024-08-30,27.0,88.5,4.5062876
2024-08-30,27.25,88.25,7.196417
2024-08-30,27.25,88.5,7.1247144
2024-08-31,27.0,88.25,0.0
2024-08-31,27.0,88.5,0.0
2024-08-31,27.25,88.25,1.3390363
2024-08-31,27.25,88.5,0.95684135
2024-09-01,27.0,88.25,59.255676
2024-09-01,27.0,88.5,52.962994
2024-09-01,27.25,88.25,12.095901
2024-09-01,27.25,88.5,28.61301
2024-09-02,27.0,88.25,0.19586492
2024-09-02,27.0,88.5,0.31540856
2024-09-02,27.25,88.25,0.8640028
2024-09-02,27.25,88.5,0.50926054
2024-09-03,27.0,88.25,0.0
2024-09-03,27.0,88.5,0.0
2024-09-03,27.25,88.25,1.5620496
2024-09-03,27.25,88.5,1.4792576
2024-09-04,27.0,88.25,0.61148185
2024-09-04,27.0,88.5,26.383562
2024-09-04,27.25,88.25,0.31358626
2024-09-04,27.25,88.5,11.454034
2024-09-05,27.0,88.25,43.37554
2024-09-05,27.0,88.5,41.00165
2024-09-05,27.25,88.25,9.521471
2024-09-05,27.25,88.5,25.58134
2024-09-06,27.0,88.25,0.18348345
2024-09-06,27.0,88.5,6.7821517
2024-09-06,27.25,88.25,1.0368664
2024-09-06,27.25,88.5,3.8748505
2024-09-07,27.0,88.25,0.0
2024-09-07,27.0,88.5,0.0
2024-09-07,27.25,88.25,0.23337306
2024-09-07,27.25,88.5,0.17421643
2024-09-08,27.0,88.25,0.0
2024-09-08,27.0,88.5,0.0
2024-09-08,27.25,88.25,0.55841565
2024-09-08,27.25,88.5,0.41011253
2024-09-09,27.0,88.25,0.0
2024-09-09,27.0,88.5,11.536532
2024-09-09,27.25,88.25,0.70704365
2024-09-09,27.25,88.5,5.5596375
2024-09-10,27.0,88.25,0.0
2024-09-10,27.0,88.5,1.0857582
2024-09-10,27.25,88.25,0.0
2024-09-10,27.25,88.5,0.0
2024-09-11,27.0,88.25,3.1291296
2024-09-11,27.0,88.5,24.614079
2024-09-11,27.25,88.25,3.8536797
2024-09-11,27.25,88.5,14.017262
2024-09-12,27.0,88.25,17.964682
2024-09-12,27.0,88.5,49.16514
2024-09-12,27.25,88.25,13.697667
2024-09-12,27.25,88.5,31.099648
2024-09-13,27.0,88.25,0.0
2024-09-13,27.0,88.5,0.0
2024-09-13,27.25,88.25,0.6668258
2024-09-13,27.25,88.5,0.5825154
2024-09-14,27.0,88.25,0.7339338
2024-09-14,27.0,88.5,0.0
2024-09-14,27.25,88.25,0.7079844
2024-09-14,27.25,88.5,0.85993207
2024-09-15,27.0,88.25,40.941936
2024-09-15,27.0,88.5,13.225908
2024-09-15,27.25,88.25,16.931252
2024-09-15,27.25,88.5,17.514053
2024-09-16,27.0,88.25,13.050989
2024-09-16,27.0,88.5,75.892456
2024-09-16,27.25,88.25,21.186682
2024-09-16,27.25,88.5,47.655685
2024-09-17,27.0,88.25,0.0
2024-09-17,27.0,88.5,0.0
2024-09-17,27.25,88.25,0.11724486
2024-09-17,27.25,88.5,0.0
2024-09-18,27.0,88.25,0.0
2024-09-18,27.0,88.5,0.0
2024-09-18,27.25,88.25,0.2917163
2024-09-18,27.25,88.5,0.21777055
2024-09-19,27.0,88.25,0.0
2024-09-19,27.0,88.5,0.0
2024-09-19,27.25,88.25,0.0
2024-09-19,27.25,88.5,0.0
2024-09-20,27.0,88.25,0.0
2024-09-20,27.0,88.5,0.0
2024-09-20,27.25,88.25,2.7213573
2024-09-20,27.25,88.5,1.1190181
2024-09-21,27.0,88.25,0.0
2024-09-21,27.0,88.5,0.0
2024-09-21,27.25,88.25,0.0
2024-09-21,27.25,88.5,0.0
2024-09-22,27.0,88.25,0.0
2024-09-22,27.0,88.5,15.803473
2024-09-22,27.25,88.25,0.8334244
2024-09-22,27.25,88.5,7.590384
2024-09-23,27.0,88.25,0.0
2024-09-23,27.0,88.5,0.0
2024-09-23,27.25,88.25,0.0
2024-09-23,27.25,88.5,0.0
2024-09-24,27.0,88.25,0.0
2024-09-24,27.0,88.5,0.0
2024-09-24,27.25,88.25,3.300994
2024-09-24,27.25,88.5,1.834618
2024-09-25,27.0,88.25,30.644302
2024-09-25,27.0,88.5,3.671051
2024-09-25,27.25,88.25,19.844685
2024-09-25,27.25,88.5,12.668574
2024-09-26,27.0,88.25,72.27301
2024-09-26,27.0,88.5,68.41013
2024-09-26,27.25,88.25,41.59317
2024-09-26,27.25,88.5,58.077763
2024-09-27,27.0,88.25,64.81836
2024-09-27,27.0,88.5,45.016888
2024-09-27,27.25,88.25,68.52449
2024-09-27,27.25,88.5,55.490173
2024-09-28,27.0,88.25,119.14105
2024-09-28,27.0,88.5,133.04774
2024-09-28,27.25,88.25,102.18176
2024-09-28,27.25,88.5,110.85436
2024-09-29,27.0,88.25,26.042925
2024-09-29,27.0,88.5,23.144238
2024-09-29,27.25,88.25,31.243685
2024-09-29,27.25,88.5,27.77122
2024-09-30,27.0,88.25,0.0
2024-09-30,27.0,88.5,5.8346863
2024-09-30,27.25,88.25,2.7572103
2024-09-30,27.25,88.5,4.626001
2024-10-01,27.0,88.25,0.0
2024-10-01,27.0,88.5,0.81537205
2024-10-01,27.25,88.25,0.0
2024-10-01,27.25,88.5,0.0
2024-10-02,27.0,88.25,2.6046872
2024-10-02,27.0,88.5,51.731796
2024-10-02,27.25,88.25,6.609795
2024-10-02,27.25,88.5,26.401804
2024-10-03,27.0,88.25,41.952423
2024-10-03,27.0,88.5,3.0380836
2024-10-03,27.25,88.25,35.49228
2024-10-03,27.25,88.5,23.729883
2024-10-04,27.0,88.25,22.138388
2024-10-04,27.0,88.5,78.89672
2024-10-04,27.25,88.25,2.0108578
2024-10-04,27.25,88.5,36.690964
2024-10-05,27.0,88.25,3.4301636
2024-10-05,27.0,88.5,11.700554
2024-10-05,27.25,88.25,6.344964
2024-10-05,27.25,88.5,10.6549
2024-10-06,27.0,88.25,0.23852848
2024-10-06,27.0,88.5,2.805281
2024-10-06,27.25,88.25,0.11668653
2024-10-06,27.25,88.5,1.3478767
2024-10-07,27.0,88.25,11.515193
2024-10-07,27.0,88.5,3.800703
2024-10-07,27.25,88.25,0.0
2024-10-07,27.25,88.5,1.729915
2024-10-08,27.0,88.25,16.122343
2024-10-08,27.0,88.5,0.85980725
2024-10-08,27.25,88.25,7.007938
2024-10-08,27.25,88.5,5.1257324
2024-10-09,27.0,88.25,8.743897
2024-10-09,27.0,88.5,3.6238022
2024-10-09,27.25,88.25,33.98513
2024-10-09,27.25,88.5,10.316
2024-10-10,27.0,88.25,18.929638
2024-10-10,27.0,88.5,94.84675
2024-10-10,27.25,88.25,62.182137
2024-10-10,27.25,88.5,80.13588
2024-10-11,27.0,88.25,6.4080234
2024-10-11,27.0,88.5,7.490049
2024-10-11,27.25,88.25,0.0
2024-10-11,27.25,88.5,0.0
2024-10-12,27.0,88.25,0.0
2024-10-12,27.0,88.5,0.5618215
2024-10-12,27.25,88.25,0.0
2024-10-12,27.25,88.5,0.0
2024-10-13,27.0,88.25,0.0
2024-10-13,27.0,88.5,7.1955914
2024-10-13,27.25,88.25,0.0
2024-10-13,27.25,88.5,3.5114367
2024-10-14,27.0,88.25,7.9098415
2024-10-14,27.0,88.5,0.0
2024-10-14,27.25,88.25,0.0
2024-10-14,27.25,88.5,0.0
2024-10-15,27.0,88.25,2.028389
2024-10-15,27.0,88.5,6.7636275
2024-10-15,27.25,88.25,3.682461
2024-10-15,27.25,88.5,4.805323
2024-10-16,27.0,88.25,0.0
2024-10-16,27.0,88.5,1.2272091
2024-10-16,27.25,88.25,15.61174
2024-10-16,27.25,88.5,10.533627
2024-10-17,27.0,88.25,2.2018013
2024-10-17,27.0,88.5,43.030254
2024-10-17,27.25,88.25,0.5834326
2024-10-17,27.25,88.5,18.00496
2024-10-18,27.0,88.25,9.25706
2024-10-18,27.0,88.5,1.4837574
2024-10-18,27.25,88.25,0.0
2024-10-18,27.25,88.5,0.0
2024-10-19,27.0,88.25,9.510343
2024-10-19,27.0,88.5,5.362212
2024-10-19,27.25,88.25,1.576653
2024-10-19,27.25,88.5,3.289581
2024-10-20,27.0,88.25,17.611673
2024-10-20,27.0,88.5,1.1877879
2024-10-20,27.25,88.25,17.80788
2024-10-20,27.25,88.5,7.3414173
2024-10-21,27.0,88.25,4.2157006
2024-10-21,27.0,88.5,0.0
2024-10-21,27.25,88.25,0.0
2024-10-21,27.25,88.5,0.0
2024-10-22,27.0,88.25,0.0
2024-10-22,27.0,88.5,0.0
2024-10-22,27.25,88.25,0.0
2024-10-22,27.25,88.5,0.0
2024-10-23,27.0,88.25,0.0
2024-10-23,27.0,88.5,0.0
2024-10-23,27.25,88.25,0.0
2024-10-23,27.25,88.5,0.0
2024-10-24,27.0,88.25,0.0
2024-10-24,27.0,88.5,0.0
2024-10-24,27.25,88.25,0.0
2024-10-24,27.25,88.5,0.0
2024-10-25,27.0,88.25,0.7215719
2024-10-25,27.0,88.5,23.70915
2024-10-25,27.25,88.25,0.0
2024-10-25,27.25,88.5,10.655527
2024-10-26,27.0,88.25,0.70920026
2024-10-26,27.0,88.5,4.7056327
2024-10-26,27.25,88.25,2.5892618
2024-10-26,27.25,88.5,4.0117435
2024-10-27,27.0,88.25,0.0
2024-10-27,27.0,88.5,0.0
2024-10-27,27.25,88.25,0.0
2024-10-27,27.25,88.5,0.0
2024-10-28,27.0,88.25,0.0
2024-10-28,27.0,88.5,0.0
2024-10-28,27.25,88.25,0.0
2024-10-28,27.25,88.5,0.0
2024-10-29,27.0,88.25,0.0
2024-10-29,27.0,88.5,0.0
2024-10-29,27.25,88.25,0.0
2024-10-29,27.25,88.5,0.0
2024-10-30,27.0,88.25,0.0
2024-10-30,27.0,88.5,4.3385363
2024-10-30,27.25,88.25,14.278673
2024-10-30,27.25,88.5,2.6885638
2024-10-31,27.0,88.25,2.605465
2024-10-31,27.0,88.5,2.144924
2024-10-31,27.25,88.25,28.536335
2024-10-31,27.25,88.5,20.582045
2024-11-01,27.0,88.25,14.233053
2024-11-01,27.0,88.5,6.283568
2024-11-01,27.25,88.25,0.17779958
2024-11-01,27.25,88.5,2.649765
2024-11-02,27.0,88.25,0.0
2024-11-02,27.0,88.5,0.0
2024-11-02,27.25,88.25,0.32088795
2024-11-02,27.25,88.5,0.23954761
2024-11-03,27.0,88.25,0.0
2024-11-03,27.0,88.5,0.0
2024-11-03,27.25,88.25,0.0
2024-11-03,27.25,88.5,0.0
2024-11-04,27.0,88.25,0.0
2024-11-04,27.0,88.5,0.0
2024-11-04,27.25,88.25,0.35005957
2024-11-04,27.25,88.5,0.26132467
2024-11-05,27.0,88.25,0.0
2024-11-05,27.0,88.5,0.0
2024-11-05,27.25,88.25,0.0
2024-11-05,27.25,88.5,0.0
2024-11-06,27.0,88.25,0.0
2024-11-06,27.0,88.5,0.0
2024-11-06,27.25,88.25,0.0
2024-11-06,27.25,88.5,0.0
2024-11-07,27.0,88.25,0.0
2024-11-07,27.0,88.5,0.0
2024-11-07,27.25,88.25,0.0
2024-11-07,27.25,88.5,0.0
2024-11-08,27.0,88.25,0.0
2024-11-08,27.0,88.5,0.0
2024-11-08,27.25,88.25,0.0
2024-11-08,27.25,88.5,0.0
2024-11-09,27.0,88.25,0.0
2024-11-09,27.0,88.5,0.0
2024-11-09,27.25,88.25,0.0
2024-11-09,27.25,88.5,0.0
2024-11-10,27.0,88.25,0.0
2024-11-10,27.0,88.5,0.0
2024-11-10,27.25,88.25,0.0
2024-11-10,27.25,88.5,0.0
2024-11-11,27.0,88.25,0.0
2024-11-11,27.0,88.5,0.0
2024-11-11,27.25,88.25,0.0
2024-11-11,27.25,88.5,0.0
2024-11-12,27.0,88.25,0.0
2024-11-12,27.0,88.5,0.0
2024-11-12,27.25,88.25,0.0
2024-11-12,27.25,88.5,0.0
2024-11-13,27.0,88.25,0.45489326
2024-11-13,27.0,88.5,0.0
2024-11-13,27.25,88.25,1.6500145
2024-11-13,27.25,88.5,0.4225562
2024-11-14,27.0,88.25,0.0
2024-11-14,27.0,88.5,0.0
2024-11-14,27.25,88.25,0.0
2024-11-14,27.25,88.5,0.0
2024-11-15,27.0,88.25,0.0
2024-11-15,27.0,88.5,0.0
2024-11-15,27.25,88.25,0.0
2024-11-15,27.25,88.5,0.0
2024-11-16,27.0,88.25,0.0
2024-11-16,27.0,88.5,0.0
2024-11-16,27.25,88.25,0.0
2024-11-16,27.25,88.5,0.0
2024-11-17,27.0,88.25,0.0
2024-11-17,27.0,88.5,0.0
2024-11-17,27.25,88.25,0.0
2024-11-17,27.25,88.5,0.0
2024-11-18,27.0,88.25,0.0
2024-11-18,27.0,88.5,0.0
2024-11-18,27.25,88.25,0.0
2024-11-18,27.25,88.5,0.0
2024-11-19,27.0,88.25,0.0
2024-11-19,27.0,88.5,0.0
2024-11-19,27.25,88.25,0.0
2024-11-19,27.25,88.5,0.0
2024-11-20,27.0,88.25,0.0
2024-11-20,27.0,88.5,0.0
2024-11-20,27.25,88.25,0.0
2024-11-20,27.25,88.5,0.0
2024-11-21,27.0,88.25,0.0
2024-11-21,27.0,88.5,0.0
2024-11-21,27.25,88.25,0.0
2024-11-21,27.25,88.5,0.0
2024-11-22,27.0,88.25,0.0
2024-11-22,27.0,88.5,0.0
2024-11-22,27.25,88.25,0.0
2024-11-22,27.25,88.5,0.0
2024-11-23,27.0,88.25,0.0
2024-11-23,27.0,88.5,0.0
2024-11-23,27.25,88.25,0.6796465
2024-11-23,27.25,88.5,0.6183056
2024-11-24,27.0,88.25,0.24642113
2024-11-24,27.0,88.5,0.0
2024-11-24,27.25,88.25,0.0
2024-11-24,27.25,88.5,0.0
2024-11-25,27.0,88.25,0.0
2024-11-25,27.0,88.5,7.9869347
2024-11-25,27.25,88.25,1.4495177
2024-11-25,27.25,88.5,1.4331915
2024-11-26,27.0,88.25,0.0
2024-11-26,27.0,88.5,0.0
2024-11-26,27.25,88.25,0.0
2024-11-26,27.25,88.5,0.0
2024-11-27,27.0,88.25,0.0
2024-11-27,27.0,88.5,0.0
2024-11-27,27.25,88.25,0.0
2024-11-27,27.25,88.5,0.0
2024-11-28,27.0,88.25,0.0
2024-11-28,27.0,88.5,0.0
2024-11-28,27.25,88.25,0.0
2024-11-28,27.25,88.5,1.1329267
2024-11-29,27.0,88.25,0.0
2024-11-29,27.0,88.5,0.0
2024-11-29,27.25,88.25,0.0
2024-11-29,27.25,88.5,0.0
2024-11-30,27.0,88.25,0.0
2024-11-30,27.0,88.5,0.0
2024-11-30,27.25,88.25,0.0
2024-11-30,27.25,88.5,0.0
2024-12-01,27.0,88.25,0.0
2024-12-01,27.0,88.5,0.0
2024-12-01,27.25,88.25,0.0
2024-12-01,27.25,88.5,0.0
2024-12-02,27.0,88.25,0.0
2024-12-02,27.0,88.5,0.0
2024-12-02,27.25,88.25,0.0
2024-12-02,27.25,88.5,0.0
2024-12-03,27.0,88.25,0.0
2024-12-03,27.0,88.5,0.0
2024-12-03,27.25,88.25,0.0
2024-12-03,27.25,88.5,0.0
2024-12-04,27.0,88.25,0.0
2024-12-04,27.0,88.5,0.0
2024-12-04,27.25,88.25,0.0
2024-12-04,27.25,88.5,0.0
2024-12-05,27.0,88.25,0.0
2024-12-05,27.0,88.5,0.0
2024-12-05,27.25,88.25,0.0
2024-12-05,27.25,88.5,0.11307046
2024-12-06,27.0,88.25,0.0
2024-12-06,27.0,88.5,0.0
2024-12-06,27.25,88.25,0.0
2024-12-06,27.25,88.5,0.0
2024-12-07,27.0,88.25,0.0
2024-12-07,27.0,88.5,1.133157
2024-12-07,27.25,88.25,0.48119807
2024-12-07,27.25,88.5,0.47297254
2024-12-08,27.0,88.25,0.0
2024-12-08,27.0,88.5,0.0
2024-12-08,27.25,88.25,0.0
2024-12-08,27.25,88.5,0.0
2024-12-09,27.0,88.25,0.0
2024-12-09,27.0,88.5,0.0
2024-12-09,27.25,88.25,0.0
2024-12-09,27.25,88.5,0.0
2024-12-10,27.0,88.25,0.0
2024-12-10,27.0,88.5,0.0
2024-12-10,27.25,88.25,0.0
2024-12-10,27.25,88.5,0.0
2024-12-11,27.0,88.25,0.0
2024-12-11,27.0,88.5,0.0
2024-12-11,27.25,88.25,0.0
2024-12-11,27.25,88.5,0.0
2024-12-12,27.0,88.25,0.0
2024-12-12,27.0,88.5,0.0
2024-12-12,27.25,88.25,0.0
2024-12-12,27.25,88.5,0.0
2024-12-13,27.0,88.25,0.0
2024-12-13,27.0,88.5,0.0
2024-12-13,27.25,88.25,0.0
2024-12-13,27.25,88.5,0.0
2024-12-14,27.0,88.25,0.0
2024-12-14,27.0,88.5,0.0
2024-12-14,27.25,88.25,0.0
2024-12-14,27.25,88.5,0.0
2024-12-15,27.0,88.25,0.0
2024-12-15,27.0,88.5,0.0
2024-12-15,27.25,88.25,0.0
2024-12-15,27.25,88.5,0.0
2024-12-16,27.0,88.25,0.0
2024-12-16,27.0,88.5,0.0
2024-12-16,27.25,88.25,0.0
2024-12-16,27.25,88.5,0.0
2024-12-17,27.0,88.25,0.0
2024-12-17,27.0,88.5,0.0
2024-12-17,27.25,88.25,0.0
2024-12-17,27.25,88.5,0.0
2024-12-18,27.0,88.25,0.0
2024-12-18,27.0,88.5,0.0
2024-12-18,27.25,88.25,0.0
2024-12-18,27.25,88.5,0.0
2024-12-19,27.0,88.25,0.0
2024-12-19,27.0,88.5,0.0
2024-12-19,27.25,88.25,0.0
2024-12-19,27.25,88.5,0.0
2024-12-20,27.0,88.25,0.0
2024-12-20,27.0,88.5,0.0
2024-12-20,27.25,88.25,0.0
2024-12-20,27.25,88.5,0.0
2024-12-21,27.0,88.25,0.0
2024-12-21,27.0,88.5,0.0
2024-12-21,27.25,88.25,0.0
2024-12-21,27.25,88.5,0.0
2024-12-22,27.0,88.25,0.0
2024-12-22,27.0,88.5,0.0
2024-12-22,27.25,88.25,3.2028604
2024-12-22,27.25,88.5,8.634487
2024-12-23,27.0,88.25,0.0
2024-12-23,27.0,88.5,0.0
2024-12-23,27.25,88.25,0.0
2024-12-23,27.25,88.5,0.0
2024-12-24,27.0,88.25,0.0
2024-12-24,27.0,88.5,0.0
2024-12-24,27.25,88.25,0.0
2024-12-24,27.25,88.5,0.0
2024-12-25,27.0,88.25,0.0
2024-12-25,27.0,88.5,0.0
2024-12-25,27.25,88.25,0.0
2024-12-25,27.25,88.5,0.0
2024-12-26,27.0,88.25,0.0
2024-12-26,27.0,88.5,0.0
2024-12-26,27.25,88.25,0.0
2024-12-26,27.25,88.5,0.0
2024-12-27,27.0,88.25,0.0
2024-12-27,27.0,88.5,0.0
2024-12-27,27.25,88.25,0.0
2024-12-27,27.25,88.5,0.0
2024-12-28,27.0,88.25,0.0
2024-12-28,27.0,88.5,0.0
2024-12-28,27.25,88.25,0.0
2024-12-28,27.25,88.5,0.0
2024-12-29,27.0,88.25,0.0
2024-12-29,27.0,88.5,0.0
2024-12-29,27.25,88.25,0.0
2024-12-29,27.25,88.5,0.0
2024-12-30,27.0,88.25,0.0
2024-12-30,27.0,88.5,0.0
2024-12-30,27.25,88.25,0.0
2024-12-30,27.25,88.5,0.0
2024-12-31,27.0,88.25,0.0
2024-12-31,27.0,88.5,0.0
2024-12-31,27.25,88.25,0.0
2024-12-31,27.25,88.5,0.0
2025-01-01,27.0,88.25,0.0
2025-01-01,27.0,88.5,0.0
2025-01-01,27.25,88.25,0.0
2025-01-01,27.25,88.5,0.0
2025-01-02,27.0,88.25,0.0
2025-01-02,27.0,88.5,0.0
2025-01-02,27.25,88.25,0.0
2025-01-02,27.25,88.5,0.0
2025-01-03,27.0,88.25,0.0
2025-01-03,27.0,88.5,0.0
2025-01-03,27.25,88.25,0.0
2025-01-03,27.25,88.5,0.0
2025-01-04,27.0,88.25,0.0
2025-01-04,27.0,88.5,0.0
2025-01-04,27.25,88.25,0.0
2025-01-04,27.25,88.5,0.0
2025-01-05,27.0,88.25,0.0
2025-01-05,27.0,88.5,0.0
2025-01-05,27.25,88.25,0.0
2025-01-05,27.25,88.5,0.0
2025-01-06,27.0,88.25,0.0
2025-01-06,27.0,88.5,0.0
2025-01-06,27.25,88.25,0.0
2025-01-06,27.25,88.5,0.0
2025-01-07,27.0,88.25,0.0
2025-01-07,27.0,88.5,0.0
2025-01-07,27.25,88.25,0.0
2025-01-07,27.25,88.5,0.0
2025-01-08,27.0,88.25,0.6239731
2025-01-08,27.0,88.5,0.0
2025-01-08,27.25,88.25,5.441428
2025-01-08,27.25,88.5,5.3546166
2025-01-09,27.0,88.25,0.0
2025-01-09,27.0,88.5,0.0
2025-01-09,27.25,88.25,0.0
2025-01-09,27.25,88.5,0.0
2025-01-10,27.0,88.25,0.0
2025-01-10,27.0,88.5,0.0
2025-01-10,27.25,88.25,0.0
2025-01-10,27.25,88.5,0.0
2025-01-11,27.0,88.25,0.0
2025-01-11,27.0,88.5,0.0
2025-01-11,27.25,88.25,0.0
2025-01-11,27.25,88.5,0.0
2025-01-12,27.0,88.25,0.0
2025-01-12,27.0,88.5,0.0
2025-01-12,27.25,88.25,0.0
2025-01-12,27.25,88.5,0.0
2025-01-13,27.0,88.25,0.3639146
2025-01-13,27.0,88.5,0.13600619
2025-01-13,27.25,88.25,0.0
2025-01-13,27.25,88.5,0.0
2025-01-14,27.0,88.25,5.5975413
2025-01-14,27.0,88.5,2.3977337
2025-01-14,27.25,88.25,1.9291528
2025-01-14,27.25,88.5,2.2032719
2025-01-15,27.0,88.25,0.0
2025-01-15,27.0,88.5,0.0
2025-01-15,27.25,88.25,0.0
2025-01-15,27.25,88.5,0.0
2025-01-16,27.0,88.25,0.0
2025-01-16,27.0,88.5,0.0
2025-01-16,27.25,88.25,0.0
2025-01-16,27.25,88.5,0.0
2025-01-17,27.0,88.25,0.0
2025-01-17,27.0,88.5,0.0
2025-01-17,27.25,88.25,0.0
2025-01-17,27.25,88.5,0.0
2025-01-18,27.0,88.25,0.0
2025-01-18,27.0,88.5,0.0
2025-01-18,27.25,88.25,0.0
2025-01-18,27.25,88.5,0.0
2025-01-19,27.0,88.25,0.0
2025-01-19,27.0,88.5,0.0
2025-01-19,27.25,88.25,0.0
2025-01-19,27.25,88.5,0.0
2025-01-20,27.0,88.25,0.0
2025-01-20,27.0,88.5,0.0
2025-01-20,27.25,88.25,0.0
2025-01-20,27.25,88.5,0.0
2025-01-21,27.0,88.25,0.0
2025-01-21,27.0,88.5,0.0
2025-01-21,27.25,88.25,0.0
2025-01-21,27.25,88.5,0.0
2025-01-22,27.0,88.25,0.0
2025-01-22,27.0,88.5,0.0
2025-01-22,27.25,88.25,0.0
2025-01-22,27.25,88.5,0.0
2025-01-23,27.0,88.25,0.0
2025-01-23,27.0,88.5,0.0
2025-01-23,27.25,88.25,0.0
2025-01-23,27.25,88.5,0.0
2025-01-24,27.0,88.25,0.19491701
2025-01-24,27.0,88.5,0.0
2025-01-24,27.25,88.25,0.0
2025-01-24,27.25,88.5,0.0
2025-01-25,27.0,88.25,0.12994467
2025-01-25,27.0,88.5,1.7152641
2025-01-25,27.25,88.25,0.0
2025-01-25,27.25,88.5,0.0
2025-01-26,27.0,88.25,0.0
2025-01-26,27.0,88.5,0.0
2025-01-26,27.25,88.25,0.42104834
2025-01-26,27.25,88.5,0.41385096
2025-01-27,27.0,88.25,0.0
2025-01-27,27.0,88.5,0.0
2025-01-27,27.25,88.25,0.0
2025-01-27,27.25,88.5,0.0
2025-01-28,27.0,88.25,0.0
2025-01-28,27.0,88.5,0.0
2025-01-28,27.25,88.25,0.0
2025-01-28,27.25,88.5,0.0
2025-01-29,27.0,88.25,0.0
2025-01-29,27.0,88.5,0.0
2025-01-29,27.25,88.25,0.36089858
2025-01-29,27.25,88.5,0.3547294
2025-01-30,27.0,88.25,0.0
2025-01-30,27.0,88.5,0.0
2025-01-30,27.25,88.25,0.0
2025-01-30,27.25,88.5,0.0
2025-01-31,27.0,88.25,0.0
2025-01-31,27.0,88.5,0.0
2025-01-31,27.25,88.25,1.0346301
2025-01-31,27.25,88.5,1.0834037
2025-02-01,27.0,88.25,0.0
2025-02-01,27.0,88.5,0.0
2025-02-01,27.25,88.25,0.0
2025-02-01,27.25,88.5,0.0
2025-02-02,27.0,88.25,0.0
2025-02-02,27.0,88.5,0.0
2025-02-02,27.25,88.25,0.0
2025-02-02,27.25,88.5,0.0
2025-02-03,27.0,88.25,0.0
2025-02-03,27.0,88.5,0.0
2025-02-03,27.25,88.25,0.0
2025-02-03,27.25,88.5,0.0
2025-02-04,27.0,88.25,0.28174505
2025-02-04,27.0,88.5,0.0
2025-02-04,27.25,88.25,0.0
2025-02-04,27.25,88.5,0.0
2025-02-05,27.0,88.25,0.0
2025-02-05,27.0,88.5,0.0
2025-02-05,27.25,88.25,0.0
2025-02-05,27.25,88.5,0.0
2025-02-06,27.0,88.25,0.0
2025-02-06,27.0,88.5,0.0
2025-02-06,27.25,88.25,0.12029952
2025-02-06,27.25,88.5,0.118243136
2025-02-07,27.0,88.25,0.0
2025-02-07,27.0,88.5,0.0
2025-02-07,27.25,88.25,0.0
2025-02-07,27.25,88.5,0.0
2025-02-08,27.0,88.25,0.0
2025-02-08,27.0,88.5,0.0
2025-02-08,27.25,88.25,2.1052418
2025-02-08,27.25,88.5,2.0692549
2025-02-09,27.0,88.25,0.0
2025-02-09,27.0,88.5,0.0
2025-02-09,27.25,88.25,0.0
2025-02-09,27.25,88.5,0.0
2025-02-10,27.0,88.25,0.0
2025-02-10,27.0,88.5,0.0
2025-02-10,27.25,88.25,0.0
2025-02-10,27.25,88.5,0.0
2025-02-11,27.0,88.25,0.0
2025-02-11,27.0,88.5,0.0
2025-02-11,27.25,88.25,0.25036767
2025-02-11,27.25,88.5,0.23987252
2025-02-12,27.0,88.25,0.0
2025-02-12,27.0,88.5,0.0
2025-02-12,27.25,88.25,0.72179717
2025-02-12,27.25,88.5,1.8423855
2025-02-13,27.0,88.25,0.0
2025-02-13,27.0,88.5,0.0
2025-02-13,27.25,88.25,0.0
2025-02-13,27.25,88.5,2.2119045
2025-02-14,27.0,88.25,0.0
2025-02-14,27.0,88.5,0.0
2025-02-14,27.25,88.25,0.2933047
2025-02-14,27.25,88.5,0.46273988
2025-02-15,27.0,88.25,0.5594252
2025-02-15,27.0,88.5,0.0
2025-02-15,27.25,88.25,7.4633694
2025-02-15,27.25,88.5,9.349463
2025-02-16,27.0,88.25,1.4717511
2025-02-16,27.0,88.5,0.0
2025-02-16,27.25,88.25,15.088733
2025-02-16,27.25,88.5,16.5395
2025-02-17,27.0,88.25,0.45489326
2025-02-17,27.0,88.5,0.0
2025-02-17,27.25,88.25,1.4557992
2025-02-17,27.25,88.5,1.0069405
2025-02-18,27.0,88.25,0.0
2025-02-18,27.0,88.5,0.0
2025-02-18,27.25,88.25,0.0
2025-02-18,27.25,88.5,0.16184668
2025-02-19,27.0,88.25,0.0
2025-02-19,27.0,88.5,0.0
2025-02-19,27.25,88.25,0.24178563
2025-02-19,27.25,88.5,3.0418286
2025-02-20,27.0,88.25,0.3639146
2025-02-20,27.0,88.5,6.0374656
2025-02-20,27.25,88.25,2.0111716
2025-02-20,27.25,88.5,1.8835623
2025-02-21,27.0,88.25,0.0
2025-02-21,27.0,88.5,0.0
2025-02-21,27.25,88.25,0.0
2025-02-21,27.25,88.5,5.5027866
2025-02-22,27.0,88.25,2.5669632
2025-02-22,27.0,88.5,7.4742756
2025-02-22,27.25,88.25,8.26485
2025-02-22,27.25,88.5,8.795269
2025-02-23,27.0,88.25,0.0
2025-02-23,27.0,88.5,7.459759
2025-02-23,27.25,88.25,0.54057884
2025-02-23,27.25,88.5,0.5126921
2025-02-24,27.0,88.25,0.0
2025-02-24,27.0,88.5,0.8252277
2025-02-24,27.25,88.25,3.0111039
2025-02-24,27.25,88.5,5.6635394
2025-02-25,27.0,88.25,3.7329571
2025-02-25,27.0,88.5,2.2592611
2025-02-25,27.25,88.25,4.5566764
2025-02-25,27.25,88.5,7.6497316
2025-02-26,27.0,88.25,0.0
2025-02-26,27.0,88.5,0.0
2025-02-26,27.25,88.25,0.0
2025-02-26,27.25,88.5,0.0
2025-02-27,27.0,88.25,0.0
2025-02-27,27.0,88.5,0.0
2025-02-27,27.25,88.25,0.0
2025-02-27,27.25,88.5,0.0
2025-02-28,27.0,88.25,0.33341888
2025-02-28,27.0,88.5,0.0
2025-02-28,27.25,88.25,3.4269454
2025-02-28,27.25,88.5,3.6194904
2025-03-01,27.0,88.25,0.3639146
2025-03-01,27.0,88.5,0.0
2025-03-01,27.25,88.25,0.95108944
2025-03-01,27.25,88.5,3.1156592
2025-03-02,27.0,88.25,0.0
2025-03-02,27.0,88.5,4.429838
2025-03-02,27.25,88.25,0.9817823
2025-03-02,27.25,88.5,0.96462244
2025-03-03,27.0,88.25,0.0
2025-03-03,27.0,88.5,0.0
2025-03-03,27.25,88.25,0.0
2025-03-03,27.25,88.5,0.0
2025-03-04,27.0,88.25,0.0
2025-03-04,27.0,88.5,0.0
2025-03-04,27.25,88.25,0.0
2025-03-04,27.25,88.5,0.0
2025-03-05,27.0,88.25,0.0
2025-03-05,27.0,88.5,0.0
2025-03-05,27.25,88.25,0.0
2025-03-05,27.25,88.5,0.0
2025-03-06,27.0,88.25,0.0
2025-03-06,27.0,88.5,0.0
2025-03-06,27.25,88.25,1.0811577
2025-03-06,27.25,88.5,1.6727709
2025-03-07,27.0,88.25,0.0
2025-03-07,27.0,88.5,0.0
2025-03-07,27.25,88.25,0.12029952
2025-03-07,27.25,88.5,0.17219202
2025-03-08,27.0,88.25,0.0
2025-03-08,27.0,88.5,0.0
2025-03-08,27.25,88.25,2.1468933
2025-03-08,27.25,88.5,4.7776804
2025-03-09,27.0,88.25,0.43043223
2025-03-09,27.0,88.5,0.0
2025-03-09,27.25,88.25,1.9591082
2025-03-09,27.25,88.5,9.168025
2025-03-10,27.0,88.25,0.0
2025-03-10,27.0,88.5,0.0
2025-03-10,27.25,88.25,0.0
2025-03-10,27.25,88.5,0.0
2025-03-11,27.0,88.25,0.0
2025-03-11,27.0,88.5,0.0
2025-03-11,27.25,88.25,0.1503744
2025-03-11,27.25,88.5,0.79519063
2025-03-12,27.0,88.25,0.0
2025-03-12,27.0,88.5,0.2708312
2025-03-12,27.25,88.25,3.774901
2025-03-12,27.25,88.5,3.5088673
2025-03-13,27.0,88.25,5.258624
2025-03-13,27.0,88.5,5.456673
2025-03-13,27.25,88.25,9.515363
2025-03-13,27.25,88.5,10.185469
2025-03-14,27.0,88.25,0.0
2025-03-14,27.0,88.5,0.5683764
2025-03-14,27.25,88.25,24.638676
2025-03-14,27.25,88.5,28.38286
2025-03-15,27.0,88.25,0.0
2025-03-15,27.0,88.5,0.0
2025-03-15,27.25,88.25,5.226913
2025-03-15,27.25,88.5,12.730353
2025-03-16,27.0,88.25,0.0
2025-03-16,27.0,88.5,0.0
2025-03-16,27.25,88.25,8.05907
2025-03-16,27.25,88.5,7.6540475
2025-03-17,27.0,88.25,0.0
2025-03-17,27.0,88.5,0.0
2025-03-17,27.25,88.25,5.1988797
2025-03-17,27.25,88.5,10.324901
2025-03-18,27.0,88.25,0.0
2025-03-18,27.0,88.5,0.0
2025-03-18,27.25,88.25,0.0
2025-03-18,27.25,88.5,0.0
2025-03-19,27.0,88.25,0.0
2025-03-19,27.0,88.5,0.0
2025-03-19,27.25,88.25,0.0
2025-03-19,27.25,88.5,0.0
2025-03-20,27.0,88.25,0.0
2025-03-20,27.0,88.5,0.0
2025-03-20,27.25,88.25,0.0
2025-03-20,27.25,88.5,0.0
2025-03-21,27.0,88.25,0.0
2025-03-21,27.0,88.5,0.0
2025-03-21,27.25,88.25,0.0
2025-03-21,27.25,88.5,0.0
2025-03-22,27.0,88.25,0.0
2025-03-22,27.0,88.5,2.9619894
2025-03-22,27.25,88.25,0.0
2025-03-22,27.25,88.5,1.6724156
2025-03-23,27.0,88.25,1.6376157
2025-03-23,27.0,88.5,7.517732
2025-03-23,27.25,88.25,1.2600689
2025-03-23,27.25,88.5,3.9153383
2025-03-24,27.0,88.25,0.17731486
2025-03-24,27.0,88.5,0.535512
2025-03-24,27.25,88.25,0.42243534
2025-03-24,27.25,88.5,0.35666212
2025-03-25,27.0,88.25,0.0
2025-03-25,27.0,88.5,0.0
2025-03-25,27.25,88.25,0.0
2025-03-25,27.25,88.5,0.0
2025-03-26,27.0,88.25,0.0
2025-03-26,27.0,88.5,0.0
2025-03-26,27.25,88.25,0.0
2025-03-26,27.25,88.5,0.0
2025-03-27,27.0,88.25,0.0
2025-03-27,27.0,88.5,0.0
2025-03-27,27.25,88.25,0.0
2025-03-27,27.25,88.5,0.0
2025-03-28,27.0,88.25,0.0
2025-03-28,27.0,88.5,0.0
2025-03-28,27.25,88.25,0.0
2025-03-28,27.25,88.5,0.0
2025-03-29,27.0,88.25,0.0
2025-03-29,27.0,88.5,0.0
2025-03-29,27.25,88.25,6.5533776
2025-03-29,27.25,88.5,7.5351233
2025-03-30,27.0,88.25,0.0
2025-03-30,27.0,88.5,0.0
2025-03-30,27.25,88.25,16.056763
2025-03-30,27.25,88.5,14.73189
2025-03-31,27.0,88.25,0.0
2025-03-31,27.0,88.5,0.0
2025-03-31,27.25,88.25,0.0
2025-03-31,27.25,88.5,0.0
2025-04-01,27.0,88.25,0.0
2025-04-01,27.0,88.5,0.0
2025-04-01,27.25,88.25,0.0
2025-04-01,27.25,88.5,0.0
2025-04-02,27.0,88.25,0.0
2025-04-02,27.0,88.5,0.0
2025-04-02,27.25,88.25,0.0
2025-04-02,27.25,88.5,0.0
2025-04-03,27.0,88.25,0.0
2025-04-03,27.0,88.5,0.0
2025-04-03,27.25,88.25,0.0
2025-04-03,27.25,88.5,0.0
2025-04-04,27.0,88.25,0.0
2025-04-04,27.0,88.5,0.0
2025-04-04,27.25,88.25,0.0
2025-04-04,27.25,88.5,2.7513933
2025-04-05,27.0,88.25,0.0
2025-04-05,27.0,88.5,0.0
2025-04-05,27.25,88.25,0.0
2025-04-05,27.25,88.5,0.0
2025-04-06,27.0,88.25,0.0
2025-04-06,27.0,88.5,0.0
2025-04-06,27.25,88.25,0.0
2025-04-06,27.25,88.5,0.0
2025-04-07,27.0,88.25,0.0
2025-04-07,27.0,88.5,0.0
2025-04-07,27.25,88.25,0.0
2025-04-07,27.25,88.5,0.0
2025-04-08,27.0,88.25,0.1819573
2025-04-08,27.0,88.5,0.0
2025-04-08,27.25,88.25,10.311999
2025-04-08,27.25,88.5,9.468067
2025-04-09,27.0,88.25,1.5595099
2025-04-09,27.0,88.5,9.575038
2025-04-09,27.25,88.25,5.697209
2025-04-09,27.25,88.5,7.136953
2025-04-10,27.0,88.25,4.5944867
2025-04-10,27.0,88.5,10.404493
2025-04-10,27.25,88.25,1.4428425
2025-04-10,27.25,88.5,9.442315
2025-04-11,27.0,88.25,7.5451093
2025-04-11,27.0,88.5,4.806867
2025-04-11,27.25,88.25,10.041788
2025-04-11,27.25,88.5,8.738
2025-04-12,27.0,88.25,3.696825
2025-04-12,27.0,88.5,0.0
2025-04-12,27.25,88.25,3.9209416
2025-04-12,27.25,88.5,5.321022
2025-04-13,27.0,88.25,11.119681
2025-04-13,27.0,88.5,15.950136
2025-04-13,27.25,88.25,10.535253
2025-04-13,27.25,88.5,23.152306
2025-04-14,27.0,88.25,0.0
2025-04-14,27.0,88.5,0.0
2025-04-14,27.25,88.25,2.2413442
2025-04-14,27.25,88.5,4.0455885
2025-04-15,27.0,88.25,0.0
2025-04-15,27.0,88.5,0.0
2025-04-15,27.25,88.25,0.0
2025-04-15,27.25,88.5,0.0
2025-04-16,27.0,88.25,9.645918
2025-04-16,27.0,88.5,0.0
2025-04-16,27.25,88.25,8.998114
2025-04-16,27.25,88.5,6.006225
2025-04-17,27.0,88.25,3.18789
2025-04-17,27.0,88.5,64.2207
2025-04-17,27.25,88.25,15.713748
2025-04-17,27.25,88.5,12.751972
2025-04-18,27.0,88.25,5.5380797
2025-04-18,27.0,88.5,7.0576406
2025-04-18,27.25,88.25,20.960478
2025-04-18,27.25,88.5,16.64913
2025-04-19,27.0,88.25,0.4838634
2025-04-19,27.0,88.5,0.0
2025-04-19,27.25,88.25,0.0
2025-04-19,27.25,88.5,0.0
2025-04-20,27.0,88.25,0.54434633
2025-04-20,27.0,88.5,0.0
2025-04-20,27.25,88.25,1.53305
2025-04-20,27.25,88.5,1.4881979
2025-04-21,27.0,88.25,3.270733
2025-04-21,27.0,88.5,25.948753
2025-04-21,27.25,88.25,3.9759674
2025-04-21,27.25,88.5,1.0989773
2025-04-22,27.0,88.25,0.45489326
2025-04-22,27.0,88.5,3.3401995
2025-04-22,27.25,88.25,51.28947
2025-04-22,27.25,88.5,46.89084
2025-04-23,27.0,88.25,0.0
2025-04-23,27.0,88.5,1.3153366
2025-04-23,27.25,88.25,3.4707487
2025-04-23,27.25,88.5,11.324226
2025-04-24,27.0,88.25,0.0
2025-04-24,27.0,88.5,0.0
2025-04-24,27.25,88.25,16.250517
2025-04-24,27.25,88.5,18.293272
2025-04-25,27.0,88.25,0.0
2025-04-25,27.0,88.5,0.0
2025-04-25,27.25,88.25,0.0
2025-04-25,27.25,88.5,0.0
2025-04-26,27.0,88.25,0.0
2025-04-26,27.0,88.5,0.0
2025-04-26,27.25,88.25,0.54134786
2025-04-26,27.25,88.5,0.53209406
2025-04-27,27.0,88.25,0.0
2025-04-27,27.0,88.5,1.5091699
2025-04-27,27.25,88.25,0.6112662
2025-04-27,27.25,88.5,8.740885
2025-04-28,27.0,88.25,24.38297
2025-04-28,27.0,88.5,15.5538645
2025-04-28,27.25,88.25,30.794968
2025-04-28,27.25,88.5,29.334011
2025-04-29,27.0,88.25,1.9656104
2025-04-29,27.0,88.5,0.26543725
2025-04-29,27.25,88.25,8.739999
2025-04-29,27.25,88.5,9.413223
2025-04-30,27.0,88.25,0.5279194
2025-04-30,27.0,88.5,0.51742846
2025-04-30,27.25,88.25,1.0980122
2025-04-30,27.25,88.5,0.8388191
2025-05-01,27.0,88.25,3.105128
2025-05-01,27.0,88.5,0.9641431
2025-05-01,27.25,88.25,5.6546903
2025-05-01,27.25,88.5,9.923724
2025-05-02,27.0,88.25,1.4586866
2025-05-02,27.0,88.5,0.0
2025-05-02,27.25,88.25,5.468653
2025-05-02,27.25,88.5,4.1948686
2025-05-03,27.0,88.25,1.7335422
2025-05-03,27.0,88.5,0.3146151
2025-05-03,27.25,88.25,6.0527086
2025-05-03,27.25,88.5,6.7922397
2025-05-04,27.0,88.25,0.0
2025-05-04,27.0,88.5,0.15223312
2025-05-04,27.25,88.25,0.2986408
2025-05-04,27.25,88.5,1.4204868
2025-05-05,27.0,88.25,8.138721
2025-05-05,27.0,88.5,20.467255
2025-05-05,27.25,88.25,9.508396
2025-05-05,27.25,88.5,15.129691
2025-05-06,27.0,88.25,5.3796706
2025-05-06,27.0,88.5,16.391005
2025-05-06,27.25,88.25,5.7072053
2025-05-06,27.25,88.5,7.250267
2025-05-07,27.0,88.25,0.37673575
2025-05-07,27.0,88.5,0.0
2025-05-07,27.25,88.25,22.008823
2025-05-07,27.25,88.5,16.832458
2025-05-08,27.0,88.25,0.0
2025-05-08,27.0,88.5,0.48237672
2025-05-08,27.25,88.25,0.0
2025-05-08,27.25,88.5,0.0
2025-05-09,27.0,88.25,42.0862
2025-05-09,27.0,88.5,68.20348
2025-05-09,27.25,88.25,21.77564
2025-05-09,27.25,88.5,9.360444
2025-05-10,27.0,88.25,4.788673
2025-05-10,27.0,88.5,4.190105
2025-05-10,27.25,88.25,8.013314
2025-05-10,27.25,88.5,21.047096
2025-05-11,27.0,88.25,3.094476
2025-05-11,27.0,88.5,10.455622
2025-05-11,27.25,88.25,12.1797905
2025-05-11,27.25,88.5,7.540274
2025-05-12,27.0,88.25,4.3040633
2025-05-12,27.0,88.5,9.98321
2025-05-12,27.25,88.25,29.853798
2025-05-12,27.25,88.5,25.629517
2025-05-13,27.0,88.25,6.359657
2025-05-13,27.0,88.5,74.389465
2025-05-13,27.25,88.25,45.090187
2025-05-13,27.25,88.5,47.141083
2025-05-14,27.0,88.25,0.1266391
2025-05-14,27.0,88.5,5.46089
2025-05-14,27.25,88.25,13.457481
2025-05-14,27.25,88.5,9.328475
2025-05-15,27.0,88.25,0.0
2025-05-15,27.0,88.5,10.254768
2025-05-15,27.25,88.25,21.923386
2025-05-15,27.25,88.5,16.364096
2025-05-16,27.0,88.25,12.317216
2025-05-16,27.0,88.5,27.766764
2025-05-16,27.25,88.25,32.97989
2025-05-16,27.25,88.5,23.415459
2025-05-17,27.0,88.25,16.654636
2025-05-17,27.0,88.5,13.71052
2025-05-17,27.25,88.25,31.795063
2025-05-17,27.25,88.5,18.714104
2025-05-18,27.0,88.25,42.470036
2025-05-18,27.0,88.5,29.740044
2025-05-18,27.25,88.25,2.8711393
2025-05-18,27.25,88.5,3.3659153
2025-05-19,27.0,88.25,14.86572
2025-05-19,27.0,88.5,5.4458985
2025-05-19,27.25,88.25,19.267294
2025-05-19,27.25,88.5,22.905533
2025-05-20,27.0,88.25,2.308502
2025-05-20,27.0,88.5,2.805281
2025-05-20,27.25,88.25,2.7698529
2025-05-20,27.25,88.5,2.6799643
2025-05-21,27.0,88.25,15.356427
2025-05-21,27.0,88.5,72.663025
2025-05-21,27.25,88.25,52.848843
2025-05-21,27.25,88.5,60.769306
2025-05-22,27.0,88.25,17.989412
2025-05-22,27.0,88.5,14.078572
2025-05-22,27.25,88.25,2.3478081
2025-05-22,27.25,88.5,3.1452394
2025-05-23,27.0,88.25,0.0
2025-05-23,27.0,88.5,0.0
2025-05-23,27.25,88.25,0.17641468
2025-05-23,27.25,88.5,1.2720125
2025-05-24,27.0,88.25,0.0
2025-05-24,27.0,88.5,0.6620733
2025-05-24,27.25,88.25,1.057822
2025-05-24,27.25,88.5,16.306482
2025-05-25,27.0,88.25,0.87812436
2025-05-25,27.0,88.5,3.8114598
2025-05-25,27.25,88.25,0.5000724
2025-05-25,27.25,88.5,0.3691989
2025-05-26,27.0,88.25,4.627775
2025-05-26,27.0,88.5,6.722354
2025-05-26,27.25,88.25,1.7835122
2025-05-26,27.25,88.5,2.8026538
2025-05-27,27.0,88.25,1.9879394
2025-05-27,27.0,88.5,11.935564
2025-05-27,27.25,88.25,2.4962623
2025-05-27,27.25,88.5,3.1163273
2025-05-28,27.0,88.25,0.0
2025-05-28,27.0,88.5,0.0
2025-05-28,27.25,88.25,0.5028422
2025-05-28,27.25,88.5,3.3446977
2025-05-29,27.0,88.25,41.616478
2025-05-29,27.0,88.5,12.080258
2025-05-29,27.25,88.25,22.103777
2025-05-29,27.25,88.5,24.80554
2025-05-30,27.0,88.25,69.51427
2025-05-30,27.0,88.5,17.950554
2025-05-30,27.25,88.25,4.7497125
2025-05-30,27.25,88.5,12.671628
2025-05-31,27.0,88.25,27.785706
2025-05-31,27.0,88.5,44.284313
2025-05-31,27.25,88.25,2.4434693
2025-05-31,27.25,88.5,14.045626
2025-06-01,27.0,88.25,1.850164
2025-06-01,27.0,88.5,25.02096
2025-06-01,27.25,88.25,0.2055863
2025-06-01,27.25,88.5,7.5754256
2025-06-02,27.0,88.25,5.053593
2025-06-02,27.0,88.5,57.383877
2025-06-02,27.25,88.25,1.5183097
2025-06-02,27.25,88.5,22.282835
2025-06-03,27.0,88.25,0.0
2025-06-03,27.0,88.5,0.4829694
2025-06-03,27.25,88.25,10.287448
2025-06-03,27.25,88.5,5.258011
2025-06-04,27.0,88.25,4.944514
2025-06-04,27.0,88.5,17.816425
2025-06-04,27.25,88.25,6.3237724
2025-06-04,27.25,88.5,9.884506
2025-06-05,27.0,88.25,1.9724143
2025-06-05,27.0,88.5,7.367829
2025-06-05,27.25,88.25,23.178669
2025-06-05,27.25,88.5,16.347555
2025-06-06,27.0,88.25,1.5242699
2025-06-06,27.0,88.5,16.387445
2025-06-06,27.25,88.25,1.8517817
2025-06-06,27.25,88.5,7.099432
2025-06-07,27.0,88.25,0.0
2025-06-07,27.0,88.5,1.1214151
2025-06-07,27.25,88.25,0.7824145
2025-06-07,27.25,88.5,4.0612783
2025-06-08,27.0,88.25,2.8737516
2025-06-08,27.0,88.5,41.988724
2025-06-08,27.25,88.25,1.0127306
2025-06-08,27.25,88.5,16.773
2025-06-09,27.0,88.25,0.0
2025-06-09,27.0,88.5,0.0
2025-06-09,27.25,88.25,0.0
2025-06-09,27.25,88.5,0.0
2025-06-10,27.0,88.25,0.0
2025-06-10,27.0,88.5,0.0
2025-06-10,27.25,88.25,0.0
2025-06-10,27.25,88.5,0.0
2025-06-11,27.0,88.25,1.8205417
2025-06-11,27.0,88.5,4.180085
2025-06-11,27.25,88.25,11.282018
2025-06-11,27.25,88.5,13.524642
2025-06-12,27.0,88.25,3.1804338
2025-06-12,27.0,88.5,0.17462355
2025-06-12,27.25,88.25,1.7294357
2025-06-12,27.25,88.5,1.2867458
2025-06-13,27.0,88.25,0.0
2025-06-13,27.0,88.5,7.4157276
2025-06-13,27.25,88.25,3.1067345
2025-06-13,27.25,88.5,3.3584304
2025-06-14,27.0,88.25,6.781244
2025-06-14,27.0,88.5,0.0
2025-06-14,27.25,88.25,0.0
2025-06-14,27.25,88.5,0.0
2025-06-15,27.0,88.25,50.443104
2025-06-15,27.0,88.5,29.174177
2025-06-15,27.25,88.25,9.271412
2025-06-15,27.25,88.5,20.089417
2025-06-16,27.0,88.25,14.218957
2025-06-16,27.0,88.5,1.900085
2025-06-16,27.25,88.25,1.6983664
2025-06-16,27.25,88.5,6.11994
2025-06-17,27.0,88.25,17.877304
2025-06-17,27.0,88.5,2.925664
2025-06-17,27.25,88.25,14.701815
2025-06-17,27.25,88.5,12.56742
2025-06-18,27.0,88.25,8.278306
2025-06-18,27.0,88.5,4.372253
2025-06-18,27.25,88.25,23.382492
2025-06-18,27.25,88.5,23.894262
2025-06-19,27.0,88.25,116.848274
2025-06-19,27.0,88.5,51.012424
2025-06-19,27.25,88.25,39.199097
2025-06-19,27.25,88.5,49.475235
2025-06-20,27.0,88.25,15.196166
2025-06-20,27.0,88.5,8.091168
2025-06-20,27.25,88.25,12.11206
2025-06-20,27.25,88.5,10.341836
2025-06-21,27.0,88.25,6.5997915
2025-06-21,27.0,88.5,27.41936
2025-06-21,27.25,88.25,7.416544
2025-06-21,27.25,88.5,12.94065
2025-06-22,27.0,88.25,19.479519
2025-06-22,27.0,88.5,31.31025
2025-06-22,27.25,88.25,29.50137
2025-06-22,27.25,88.5,23.863056
2025-06-23,27.0,88.25,35.533283
2025-06-23,27.0,88.5,47.98175
2025-06-23,27.25,88.25,39.48784
2025-06-23,27.25,88.5,48.62748
2025-06-24,27.0,88.25,98.416145
2025-06-24,27.0,88.5,28.837465
2025-06-24,27.25,88.25,11.857225
2025-06-24,27.25,88.5,29.36946
2025-06-25,27.0,88.25,29.869455
2025-06-25,27.0,88.5,18.46891
2025-06-25,27.25,88.25,6.0300064
2025-06-25,27.25,88.5,9.806197
2025-06-26,27.0,88.25,29.837896
2025-06-26,27.0,88.5,11.111131
2025-06-26,27.25,88.25,40.337948
2025-06-26,27.25,88.5,16.088129
2025-06-27,27.0,88.25,11.283934
2025-06-27,27.0,88.5,8.0863
2025-06-27,27.25,88.25,9.760611
2025-06-27,27.25,88.5,14.670622
2025-06-28,27.0,88.25,3.234232
2025-06-28,27.0,88.5,8.362975
2025-06-28,27.25,88.25,9.09159
2025-06-28,27.25,88.5,23.166208
2025-06-29,27.0,88.25,10.3189125
2025-06-29,27.0,88.5,5.549959
2025-06-29,27.25,88.25,5.0016093
2025-06-29,27.25,88.5,5.7577605
2025-06-30,27.0,88.25,10.84932
2025-06-30,27.0,88.5,1.5931715
2025-06-30,27.25,88.25,4.8792095
2025-06-30,27.25,88.5,1.590825
2025-07-01,27.0,88.25,22.064938
2025-07-01,27.0,88.5,1.8098588
2025-07-01,27.25,88.25,17.879856
2025-07-01,27.25,88.5,7.358135
2025-07-02,27.0,88.25,30.47254
2025-07-02,27.0,88.5,31.93462
2025-07-02,27.25,88.25,14.031702
2025-07-02,27.25,88.5,29.271812
2025-07-03,27.0,88.25,16.45492
2025-07-03,27.0,88.5,18.2628
2025-07-03,27.25,88.25,6.192771
2025-07-03,27.25,88.5,10.1224785
2025-07-04,27.0,88.25,9.235849
2025-07-04,27.0,88.5,15.517175
2025-07-04,27.25,88.25,28.076944
2025-07-04,27.25,88.5,22.734144
2025-07-05,27.0,88.25,24.387648
2025-07-05,27.0,88.5,42.32906
2025-07-05,27.25,88.25,14.533104
2025-07-05,27.25,88.5,17.804256
2025-07-06,27.0,88.25,3.6113393
2025-07-06,27.0,88.5,7.3230367
2025-07-06,27.25,88.25,2.2854235
2025-07-06,27.25,88.5,7.4400516
2025-07-07,27.0,88.25,18.329123
2025-07-07,27.0,88.5,41.035927
2025-07-07,27.25,88.25,5.501413
2025-07-07,27.25,88.5,19.499653
2025-07-08,27.0,88.25,21.997467
2025-07-08,27.0,88.5,5.926577
2025-07-08,27.25,88.25,13.733266
2025-07-08,27.25,88.5,26.050781
2025-07-09,27.0,88.25,102.11413
2025-07-09,27.0,88.5,29.784718
2025-07-09,27.25,88.25,19.721199
2025-07-09,27.25,88.5,28.3909
2025-07-10,27.0,88.25,53.127323
2025-07-10,27.0,88.5,9.451081
2025-07-10,27.25,88.25,23.48217
2025-07-10,27.25,88.5,37.55889
2025-07-11,27.0,88.25,3.2623
2025-07-11,27.0,88.5,8.898603
2025-07-11,27.25,88.25,6.823976
2025-07-11,27.25,88.5,5.908832
2025-07-12,27.0,88.25,0.37673575
2025-07-12,27.0,88.5,0.0
2025-07-12,27.25,88.25,0.0
2025-07-12,27.25,88.5,0.0
2025-07-13,27.0,88.25,0.0
2025-07-13,27.0,88.5,10.058227
2025-07-13,27.25,88.25,4.6102247
2025-07-13,27.25,88.5,6.156191
2025-07-14,27.0,88.25,21.159704
2025-07-14,27.0,88.5,13.9996805
2025-07-14,27.25,88.25,3.3833468
2025-07-14,27.25,88.5,11.589534
2025-07-15,27.0,88.25,98.21545
2025-07-15,27.0,88.5,70.51773
2025-07-15,27.25,88.25,46.259853
2025-07-15,27.25,88.5,44.67055
2025-07-16,27.0,88.25,43.33228
2025-07-16,27.0,88.5,41.607723
2025-07-16,27.25,88.25,11.666796
2025-07-16,27.25,88.5,22.19899
2025-07-17,27.0,88.25,10.082595
2025-07-17,27.0,88.5,12.46339
2025-07-17,27.25,88.25,15.742485
2025-07-17,27.25,88.5,11.012398
2025-07-18,27.0,88.25,10.32058
2025-07-18,27.0,88.5,34.42541
2025-07-18,27.25,88.25,0.84739506
2025-07-18,27.25,88.5,12.475931
2025-07-19,27.0,88.25,14.543757
2025-07-19,27.0,88.5,52.011795
2025-07-19,27.25,88.25,1.9058503
2025-07-19,27.25,88.5,1.4171233
2025-07-20,27.0,88.25,42.867756
2025-07-20,27.0,88.5,91.89048
2025-07-20,27.25,88.25,34.73043
2025-07-20,27.25,88.5,67.69049
2025-07-21,27.0,88.25,0.45208293
2025-07-21,27.0,88.5,0.0
2025-07-21,27.25,88.25,0.46586508
2025-07-21,27.25,88.5,0.16385278
2025-07-22,27.0,88.25,12.836753
2025-07-22,27.0,88.5,50.236156
2025-07-22,27.25,88.25,22.776707
2025-07-22,27.25,88.5,35.00619
2025-07-23,27.0,88.25,2.6073205
2025-07-23,27.0,88.5,38.18802
2025-07-23,27.25,88.25,10.1091585
2025-07-23,27.25,88.5,37.225826
2025-07-24,27.0,88.25,0.0
2025-07-24,27.0,88.5,0.0
2025-07-24,27.25,88.25,0.6492311
2025-07-24,27.25,88.5,9.416041
2025-07-25,27.0,88.25,13.94321
2025-07-25,27.0,88.5,8.863719
2025-07-25,27.25,88.25,12.744447
2025-07-25,27.25,88.5,10.48522
2025-07-26,27.0,88.25,89.912094
2025-07-26,27.0,88.5,13.100716
2025-07-26,27.25,88.25,15.418287
2025-07-26,27.25,88.5,24.025932
2025-07-27,27.0,88.25,7.600017
2025-07-27,27.0,88.5,8.799107
2025-07-27,27.25,88.25,6.2529693
2025-07-27,27.25,88.5,5.983199
2025-07-28,27.0,88.25,29.46295
2025-07-28,27.0,88.5,43.09548
2025-07-28,27.25,88.25,11.550628
2025-07-28,27.25,88.5,26.794498
2025-07-29,27.0,88.25,41.017437
2025-07-29,27.0,88.5,14.612022
2025-07-29,27.25,88.25,92.68277
2025-07-29,27.25,88.5,86.99304
2025-07-30,27.0,88.25,17.949284
2025-07-30,27.0,88.5,22.611614
2025-07-30,27.25,88.25,38.383106
2025-07-30,27.25,88.5,38.147972
2025-07-31,27.0,88.25,92.02769
2025-07-31,27.0,88.5,11.890334
2025-07-31,27.25,88.25,25.282944
2025-07-31,27.25,88.5,34.823875
2025-08-01,27.0,88.25,10.617213
2025-08-01,27.0,88.5,5.1504455
2025-08-01,27.25,88.25,1.6340301
2025-08-01,27.25,88.5,0.7625958
2025-08-02,27.0,88.25,29.71818
2025-08-02,27.0,88.5,32.636124
2025-08-02,27.25,88.25,43.89271
2025-08-02,27.25,88.5,55.24088
2025-08-03,27.0,88.25,34.681152
2025-08-03,27.0,88.5,17.457624
2025-08-03,27.25,88.25,22.412819
2025-08-03,27.25,88.5,18.279343
2025-08-04,27.0,88.25,9.863751
2025-08-04,27.0,88.5,5.012594
2025-08-04,27.25,88.25,8.611357
2025-08-04,27.25,88.5,5.7022295
2025-08-05,27.0,88.25,3.965717
2025-08-05,27.0,88.5,5.778825
2025-08-05,27.25,88.25,11.434513
2025-08-05,27.25,88.5,7.8807635
2025-08-06,27.0,88.25,5.0493684
2025-08-06,27.0,88.5,14.683417
2025-08-06,27.25,88.25,4.3281007
2025-08-06,27.25,88.5,13.287384
2025-08-07,27.0,88.25,0.73724115
2025-08-07,27.0,88.5,6.5707045
2025-08-07,27.25,88.25,2.254525
2025-08-07,27.25,88.5,2.289802
2025-08-08,27.0,88.25,54.255024
2025-08-08,27.0,88.5,34.06051
2025-08-08,27.25,88.25,17.809908
2025-08-08,27.25,88.5,26.259136
2025-08-09,27.0,88.25,44.493813
2025-08-09,27.0,88.5,41.691456
2025-08-09,27.25,88.25,29.885096
2025-08-09,27.25,88.5,35.40168
2025-08-10,27.0,88.25,1.5387981
2025-08-10,27.0,88.5,9.951069
2025-08-10,27.25,88.25,7.1155276
2025-08-10,27.25,88.5,6.215512
2025-08-11,27.0,88.25,4.442135
2025-08-11,27.0,88.5,34.52096
2025-08-11,27.25,88.25,13.583527
2025-08-11,27.25,88.5,5.098115
2025-08-12,27.0,88.25,33.056156
2025-08-12,27.0,88.5,16.753387
2025-08-12,27.25,88.25,18.943104
2025-08-12,27.25,88.5,11.952355
2025-08-13,27.0,88.25,41.95997
2025-08-13,27.0,88.5,42.745625
2025-08-13,27.25,88.25,7.2209663
2025-08-13,27.25,88.5,8.641536
2025-08-14,27.0,88.25,101.042206
2025-08-14,27.0,88.5,118.30779
2025-08-14,27.25,88.25,50.292027
2025-08-14,27.25,88.5,87.96195
2025-08-15,27.0,88.25,7.161381
2025-08-15,27.0,88.5,0.11163762
2025-08-15,27.25,88.25,2.8646407
2025-08-15,27.25,88.5,3.4549658
2025-08-16,27.0,88.25,1.9629785
2025-08-16,27.0,88.5,3.6087773
2025-08-16,27.25,88.25,0.0
2025-08-16,27.25,88.5,0.0
2025-08-17,27.0,88.25,1.9590257
2025-08-17,27.0,88.5,0.4540212
2025-08-17,27.25,88.25,17.878382
2025-08-17,27.25,88.5,14.845157
2025-08-18,27.0,88.25,15.740796
2025-08-18,27.0,88.5,2.016902
2025-08-18,27.25,88.25,19.066456
2025-08-18,27.25,88.5,26.681494
2025-08-19,27.0,88.25,4.838557
2025-08-19,27.0,88.5,5.537897
2025-08-19,27.25,88.25,11.705867
2025-08-19,27.25,88.5,9.852389
2025-08-20,27.0,88.25,12.395373
2025-08-20,27.0,88.5,2.5809004
2025-08-20,27.25,88.25,4.017287
2025-08-20,27.25,88.5,19.807953
2025-08-21,27.0,88.25,30.130142
2025-08-21,27.0,88.5,109.10046
2025-08-21,27.25,88.25,4.496116
2025-08-21,27.25,88.5,44.05194
2025-08-22,27.0,88.25,33.317245
2025-08-22,27.0,88.5,25.672096
2025-08-22,27.25,88.25,24.213177
2025-08-22,27.25,88.5,18.14582
2025-08-23,27.0,88.25,12.917853
2025-08-23,27.0,88.5,10.280393
2025-08-23,27.25,88.25,11.32486
2025-08-23,27.25,88.5,9.110044
2025-08-24,27.0,88.25,22.135496
2025-08-24,27.0,88.5,18.4215
2025-08-24,27.25,88.25,10.848185
2025-08-24,27.25,88.5,11.934831
2025-08-25,27.0,88.25,18.259903
2025-08-25,27.0,88.5,8.074241
2025-08-25,27.25,88.25,11.542661
2025-08-25,27.25,88.5,17.704433
2025-08-26,27.0,88.25,0.7832465
2025-08-26,27.0,88.5,6.4249983
2025-08-26,27.25,88.25,1.5333647
2025-08-26,27.25,88.5,9.999683
2025-08-27,27.0,88.25,0.0
2025-08-27,27.0,88.5,6.609161
2025-08-27,27.25,88.25,0.6431608
2025-08-27,27.25,88.5,14.807678
2025-08-28,27.0,88.25,9.872099
2025-08-28,27.0,88.5,18.678465
2025-08-28,27.25,88.25,20.812183
2025-08-28,27.25,88.5,20.132555
2025-08-29,27.0,88.25,11.350671
2025-08-29,27.0,88.5,17.542696
2025-08-29,27.25,88.25,2.6586938
2025-08-29,27.25,88.5,7.6666327
2025-08-30,27.0,88.25,5.381894
2025-08-30,27.0,88.5,65.22222
2025-08-30,27.25,88.25,7.825395
2025-08-30,27.25,88.5,9.830926
2025-08-31,27.0,88.25,0.37447357
2025-08-31,27.0,88.5,7.932742
2025-08-31,27.25,88.25,5.118806
2025-08-31,27.25,88.5,5.354173
2025-09-01,27.0,88.25,4.596176
2025-09-01,27.0,88.5,1.5475804
2025-09-01,27.25,88.25,16.813177
2025-09-01,27.25,88.5,24.057117
2025-09-02,27.0,88.25,18.301355
2025-09-02,27.0,88.5,3.3835678
2025-09-02,27.25,88.25,1.1749287
2025-09-02,27.25,88.5,1.0982852
2025-09-03,27.0,88.25,0.97570986
2025-09-03,27.0,88.5,0.0
2025-09-03,27.25,88.25,2.3141642
2025-09-03,27.25,88.5,1.6765198
2025-09-04,27.0,88.25,11.082553
2025-09-04,27.0,88.5,8.003476
2025-09-04,27.25,88.25,6.625484
2025-09-04,27.25,88.5,5.478218
2025-09-05,27.0,88.25,0.37673575
2025-09-05,27.0,88.5,0.5696885
2025-09-05,27.25,88.25,0.0
2025-09-05,27.25,88.5,5.919284
2025-09-06,27.0,88.25,4.9167027
2025-09-06,27.0,88.5,1.1488526
2025-09-06,27.25,88.25,36.149685
2025-09-06,27.25,88.5,33.540813
2025-09-07,27.0,88.25,12.734664
2025-09-07,27.0,88.5,0.0
2025-09-07,27.25,88.25,4.2508664
2025-09-07,27.25,88.5,4.632233
2025-09-08,27.0,88.25,22.67572
2025-09-08,27.0,88.5,49.115223
2025-09-08,27.25,88.25,46.12931
2025-09-08,27.25,88.5,50.20525
2025-09-09,27.0,88.25,1.5242699
2025-09-09,27.0,88.5,13.195988
2025-09-09,27.25,88.25,0.891899
2025-09-09,27.25,88.5,0.0
2025-09-10,27.0,88.25,24.747076
2025-09-10,27.0,88.5,9.379818
2025-09-10,27.25,88.25,8.082897
2025-09-10,27.25,88.5,13.117734
2025-09-11,27.0,88.25,14.506618
2025-09-11,27.0,88.5,10.290136
2025-09-11,27.25,88.25,0.6680323
2025-09-11,27.25,88.5,3.2464364
2025-09-12,27.0,88.25,0.0
2025-09-12,27.0,88.5,6.714135
2025-09-12,27.25,88.25,20.317656
2025-09-12,27.25,88.5,19.932049
2025-09-13,27.0,88.25,6.6873827
2025-09-13,27.0,88.5,36.305004
2025-09-13,27.25,88.25,2.79487
2025-09-13,27.25,88.5,15.800053
2025-09-14,27.0,88.25,40.89405
2025-09-14,27.0,88.5,80.467804
2025-09-14,27.25,88.25,30.196081
2025-09-14,27.25,88.5,47.07074
2025-09-15,27.0,88.25,34.132164
2025-09-15,27.0,88.5,34.423668
2025-09-15,27.25,88.25,7.4611135
2025-09-15,27.25,88.5,6.708079
2025-09-16,27.0,88.25,82.63906
2025-09-16,27.0,88.5,52.9937
2025-09-16,27.25,88.25,67.348656
2025-09-16,27.25,88.5,54.167595
2025-09-17,27.0,88.25,21.53439
2025-09-17,27.0,88.5,31.236221
2025-09-17,27.25,88.25,12.760278
2025-09-17,27.25,88.5,25.736027
2025-09-18,27.0,88.25,5.698898
2025-09-18,27.0,88.5,2.4680135
2025-09-18,27.25,88.25,4.657587
2025-09-18,27.25,88.5,8.473549
2025-09-19,27.0,88.25,44.504356
2025-09-19,27.0,88.5,81.69936
2025-09-19,27.25,88.25,7.3943424
2025-09-19,27.25,88.5,12.174664
2025-09-20,27.0,88.25,1.3409474
2025-09-20,27.0,88.5,3.07828
2025-09-20,27.25,88.25,0.911023
2025-09-20,27.25,88.5,1.4390463
2025-09-21,27.0,88.25,1.2067326
2025-09-21,27.0,88.5,39.273937
2025-09-21,27.25,88.25,0.17502978
2025-09-21,27.25,88.5,15.393707
2025-09-22,27.0,88.25,0.502915
2025-09-22,27.0,88.5,0.0
2025-09-22,27.25,88.25,8.024246
2025-09-22,27.25,88.5,6.402378
2025-09-23,27.0,88.25,5.2351604
2025-09-23,27.0,88.5,36.597507
2025-09-23,27.25,88.25,6.111838
2025-09-23,27.25,88.5,23.505632
2025-09-24,27.0,88.25,0.0
2025-09-24,27.0,88.5,2.090299
2025-09-24,27.25,88.25,2.489194
2025-09-24,27.25,88.5,1.8081234
2025-09-25,27.0,88.25,4.13929
2025-09-25,27.0,88.5,16.674498
2025-09-25,27.25,88.25,23.12999
2025-09-25,27.25,88.5,35.008625
2025-09-26,27.0,88.25,0.0
2025-09-26,27.0,88.5,0.0
2025-09-26,27.25,88.25,0.0
2025-09-26,27.25,88.5,0.0
2025-09-27,27.0,88.25,0.0
2025-09-27,27.0,88.5,0.0
2025-09-27,27.25,88.25,9.127718
2025-09-27,27.25,88.5,7.8982377
2025-09-28,27.0,88.25,0.0
2025-09-28,27.0,88.5,7.9198284
2025-09-28,27.25,88.25,0.0
2025-09-28,27.25,88.5,1.7706734
2025-09-29,27.0,88.25,0.23211463
2025-09-29,27.0,88.5,0.73071903
2025-09-29,27.25,88.25,0.2696238
2025-09-29,27.25,88.5,6.190992
2025-09-30,27.0,88.25,3.541316
2025-09-30,27.0,88.5,0.82073057
2025-09-30,27.25,88.25,26.78957
2025-09-30,27.25,88.5,21.967945
2025-10-01,27.0,88.25,0.17806563
2025-10-01,27.0,88.5,4.6151395
2025-10-01,27.25,88.25,0.0
2025-10-01,27.25,88.5,16.310972
2025-10-02,27.0,88.25,1.6164284
2025-10-02,27.0,88.5,118.96
2025-10-02,27.25,88.25,0.14585815
2025-10-02,27.25,88.5,45.304214
2025-10-03,27.0,88.25,25.554161
2025-10-03,27.0,88.5,11.940847
2025-10-03,27.25,88.25,1.520524
2025-10-03,27.25,88.5,4.6544056
2025-10-04,27.0,88.25,1.5312119
2025-10-04,27.0,88.5,10.100327
2025-10-04,27.25,88.25,1.28642
2025-10-04,27.25,88.5,7.833486
2025-10-05,27.0,88.25,138.2268
2025-10-05,27.0,88.5,297.0447
2025-10-05,27.25,88.25,105.09213
2025-10-05,27.25,88.5,177.44128
2025-10-06,27.0,88.25,0.47566113
2025-10-06,27.0,88.5,2.2817466
2025-10-06,27.25,88.25,0.0
2025-10-06,27.25,88.5,0.7410343
2025-10-07,27.0,88.25,0.0
2025-10-07,27.0,88.5,0.82945853
2025-10-07,27.25,88.25,1.5112964
2025-10-07,27.25,88.5,1.0977893
2025-10-08,27.0,88.25,0.0
2025-10-08,27.0,88.5,0.0
2025-10-08,27.25,88.25,0.0
2025-10-08,27.25,88.5,0.0
2025-10-09,27.0,88.25,1.7425699
2025-10-09,27.0,88.5,20.2882
2025-10-09,27.25,88.25,0.0
2025-10-09,27.25,88.5,0.0
2025-10-10,27.0,88.25,0.0
2025-10-10,27.0,88.5,0.0
2025-10-10,27.25,88.25,0.0
2025-10-10,27.25,88.5,0.0
2025-10-11,27.0,88.25,0.0
2025-10-11,27.0,88.5,0.0
2025-10-11,27.25,88.25,0.0
2025-10-11,27.25,88.5,0.0
2025-10-12,27.0,88.25,0.0
2025-10-12,27.0,88.5,0.0
2025-10-12,27.25,88.25,0.0
2025-10-12,27.25,88.5,0.0
2025-10-13,27.0,88.25,0.0
2025-10-13,27.0,88.5,0.0
2025-10-13,27.25,88.25,0.0
2025-10-13,27.25,88.5,0.0
2025-10-14,27.0,88.25,0.0
2025-10-14,27.0,88.5,2.805281
2025-10-14,27.25,88.25,0.0
2025-10-14,27.25,88.5,3.886835
2025-10-15,27.0,88.25,0.0
2025-10-15,27.0,88.5,0.0
2025-10-15,27.25,88.25,0.0
2025-10-15,27.25,88.5,0.0
2025-10-16,27.0,88.25,0.0
2025-10-16,27.0,88.5,0.0
2025-10-16,27.25,88.25,0.0
2025-10-16,27.25,88.5,0.0
2025-10-17,27.0,88.25,0.0
2025-10-17,27.0,88.5,0.0
2025-10-17,27.25,88.25,0.0
2025-10-17,27.25,88.5,0.0
2025-10-18,27.0,88.25,0.0
2025-10-18,27.0,88.5,0.0
2025-10-18,27.25,88.25,0.0
2025-10-18,27.25,88.5,0.0
2025-10-19,27.0,88.25,0.0
2025-10-19,27.0,88.5,0.0
2025-10-19,27.25,88.25,0.0
2025-10-19,27.25,88.5,0.0
2025-10-20,27.0,88.25,0.0
2025-10-20,27.0,88.5,0.0
2025-10-20,27.25,88.25,0.0
2025-10-20,27.25,88.5,0.0
2025-10-21,27.0,88.25,0.0
2025-10-21,27.0,88.5,0.0
2025-10-21,27.25,88.25,0.0
2025-10-21,27.25,88.5,0.0
2025-10-22,27.0,88.25,0.0
2025-10-22,27.0,88.5,0.0
2025-10-22,27.25,88.25,0.0
2025-10-22,27.25,88.5,0.0
2025-10-23,27.0,88.25,0.0
2025-10-23,27.0,88.5,0.0
2025-10-23,27.25,88.25,0.0
2025-10-23,27.25,88.5,0.0
2025-10-24,27.0,88.25,0.0
2025-10-24,27.0,88.5,0.0
2025-10-24,27.25,88.25,0.0
2025-10-24,27.25,88.5,0.0
2025-10-25,27.0,88.25,0.0
2025-10-25,27.0,88.5,0.0
2025-10-25,27.25,88.25,0.0
2025-10-25,27.25,88.5,0.0
2025-10-26,27.0,88.25,0.0
2025-10-26,27.0,88.5,0.6380451
2025-10-26,27.25,88.25,0.0
2025-10-26,27.25,88.5,0.0
2025-10-27,27.0,88.25,0.0
2025-10-27,27.0,88.5,0.0
2025-10-27,27.25,88.25,0.0
2025-10-27,27.25,88.5,0.0
2025-10-28,27.0,88.25,0.0
2025-10-28,27.0,88.5,0.0
2025-10-28,27.25,88.25,0.0
2025-10-28,27.25,88.5,0.0
2025-10-29,27.0,88.25,0.0
2025-10-29,27.0,88.5,0.0
2025-10-29,27.25,88.25,0.0
2025-10-29,27.25,88.5,0.0
2025-10-30,27.0,88.25,7.342594
2025-10-30,27.0,88.5,3.9357336
2025-10-30,27.25,88.25,3.3931696
2025-10-30,27.25,88.5,4.0180254
2025-10-31,27.0,88.25,63.311707
2025-10-31,27.0,88.5,46.22176
2025-10-31,27.25,88.25,41.986954
2025-10-31,27.25,88.5,39.18793
2025-11-01,27.0,88.25,80.076675
2025-11-01,27.0,88.5,56.386765
2025-11-01,27.25,88.25,35.47424
2025-11-01,27.25,88.5,43.41927
2025-11-02,27.0,88.25,23.283922
2025-11-02,27.0,88.5,14.496534
2025-11-02,27.25,88.25,24.474344
2025-11-02,27.25,88.5,19.888222
2025-11-03,27.0,88.25,0.52318937
2025-11-03,27.0,88.5,0.18335472
2025-11-03,27.25,88.25,2.6559143
2025-11-03,27.25,88.5,2.3495083
2025-11-04,27.0,88.25,0.0
2025-11-04,27.0,88.5,0.0
2025-11-04,27.25,88.25,0.0
2025-11-04,27.25,88.5,0.37208503
2025-11-05,27.0,88.25,0.0
2025-11-05,27.0,88.5,0.0
2025-11-05,27.25,88.25,0.0
2025-11-05,27.25,88.5,0.0
2025-11-06,27.0,88.25,0.0
2025-11-06,27.0,88.5,0.0
2025-11-06,27.25,88.25,0.0
2025-11-06,27.25,88.5,0.0
2025-11-07,27.0,88.25,8.863222
2025-11-07,27.0,88.5,0.0
2025-11-07,27.25,88.25,0.29729965
2025-11-07,27.25,88.5,0.0
2025-11-08,27.0,88.25,0.0
2025-11-08,27.0,88.5,0.0
2025-11-08,27.25,88.25,0.0
2025-11-08,27.25,88.5,0.0
2025-11-09,27.0,88.25,0.0
2025-11-09,27.0,88.5,0.0
2025-11-09,27.25,88.25,0.0
2025-11-09,27.25,88.5,0.0
2025-11-10,27.0,88.25,0.0
2025-11-10,27.0,88.5,0.0
2025-11-10,27.25,88.25,0.0
2025-11-10,27.25,88.5,0.0
2025-11-11,27.0,88.25,0.0
2025-11-11,27.0,88.5,0.0
2025-11-11,27.25,88.25,0.0
2025-11-11,27.25,88.5,0.0
2025-11-12,27.0,88.25,0.0
2025-11-12,27.0,88.5,0.0
2025-11-12,27.25,88.25,0.0
2025-11-12,27.25,88.5,0.0
2025-11-13,27.0,88.25,0.0
2025-11-13,27.0,88.5,0.0
2025-11-13,27.25,88.25,0.0
2025-11-13,27.25,88.5,0.0
2025-11-14,27.0,88.25,0.0
2025-11-14,27.0,88.5,0.0
2025-11-14,27.25,88.25,0.0
2025-11-14,27.25,88.5,0.0
2025-11-15,27.0,88.25,0.0
2025-11-15,27.0,88.5,0.0
2025-11-15,27.25,88.25,0.0
2025-11-15,27.25,88.5,0.0
2025-11-16,27.0,88.25,0.0
2025-11-16,27.0,88.5,0.0
2025-11-16,27.25,88.25,0.0
2025-11-16,27.25,88.5,0.0
2025-11-17,27.0,88.25,0.0
2025-11-17,27.0,88.5,0.0
2025-11-17,27.25,88.25,0.0
2025-11-17,27.25,88.5,0.0
2025-11-18,27.0,88.25,0.0
2025-11-18,27.0,88.5,0.0
2025-11-18,27.25,88.25,0.0
2025-11-18,27.25,88.5,0.0
2025-11-19,27.0,88.25,0.0
2025-11-19,27.0,88.5,0.0
2025-11-19,27.25,88.25,0.0
2025-11-19,27.25,88.5,0.0
2025-11-20,27.0,88.25,0.0
2025-11-20,27.0,88.5,0.0
2025-11-20,27.25,88.25,0.0
2025-11-20,27.25,88.5,0.0
2025-11-21,27.0,88.25,0.0
2025-11-21,27.0,88.5,0.0
2025-11-21,27.25,88.25,0.0
2025-11-21,27.25,88.5,0.0
2025-11-22,27.0,88.25,0.0
2025-11-22,27.0,88.5,0.0
2025-11-22,27.25,88.25,4.4050865
2025-11-22,27.25,88.5,3.2383888
2025-11-23,27.0,88.25,0.0
2025-11-23,27.0,88.5,0.0
2025-11-23,27.25,88.25,5.2831817
2025-11-23,27.25,88.5,3.1807823
2025-11-24,27.0,88.25,0.0
2025-11-24,27.0,88.5,0.0
2025-11-24,27.25,88.25,0.0
2025-11-24,27.25,88.5,0.0
2025-11-25,27.0,88.25,0.0
2025-11-25,27.0,88.5,0.0
2025-11-25,27.25,88.25,0.0
2025-11-25,27.25,88.5,0.0
2025-11-26,27.0,88.25,0.0
2025-11-26,27.0,88.5,0.0
2025-11-26,27.25,88.25,0.0
2025-11-26,27.25,88.5,0.0
2025-11-27,27.0,88.25,0.0
2025-11-27,27.0,88.5,0.0
2025-11-27,27.25,88.25,0.0
2025-11-27,27.25,88.5,0.0
2025-11-28,27.0,88.25,0.0
2025-11-28,27.0,88.5,0.0
2025-11-28,27.25,88.25,0.0
2025-11-28,27.25,88.5,0.0
2025-11-29,27.0,88.25,0.0
2025-11-29,27.0,88.5,0.0
2025-11-29,27.25,88.25,0.0
2025-11-29,27.25,88.5,0.0
2025-11-30,27.0,88.25,0.0
2025-11-30,27.0,88.5,0.0
2025-11-30,27.25,88.25,0.0
2025-11-30,27.25,88.5,0.0
2025-12-01,27.0,88.25,0.0
2025-12-01,27.0,88.5,0.0
2025-12-01,27.25,88.25,0.0
2025-12-01,27.25,88.5,0.0
2025-12-02,27.0,88.25,0.0
2025-12-02,27.0,88.5,0.0
2025-12-02,27.25,88.25,0.0
2025-12-02,27.25,88.5,0.0
2025-12-03,27.0,88.25,0.0
2025-12-03,27.0,88.5,0.0
2025-12-03,27.25,88.25,0.0
2025-12-03,27.25,88.5,0.0
2025-12-04,27.0,88.25,0.0
2025-12-04,27.0,88.5,0.0
2025-12-04,27.25,88.25,0.0
2025-12-04,27.25,88.5,0.0
2025-12-05,27.0,88.25,0.0
2025-12-05,27.0,88.5,0.0
2025-12-05,27.25,88.25,0.0
2025-12-05,27.25,88.5,0.0
2025-12-06,27.0,88.25,0.0
2025-12-06,27.0,88.5,0.0
2025-12-06,27.25,88.25,0.0
2025-12-06,27.25,88.5,0.0
2025-12-07,27.0,88.25,0.0
2025-12-07,27.0,88.5,0.0
2025-12-07,27.25,88.25,0.0
2025-12-07,27.25,88.5,0.0
2025-12-08,27.0,88.25,0.0
2025-12-08,27.0,88.5,0.0
2025-12-08,27.25,88.25,0.0
2025-12-08,27.25,88.5,0.0
2025-12-09,27.0,88.25,0.0
2025-12-09,27.0,88.5,0.0
2025-12-09,27.25,88.25,0.0
2025-12-09,27.25,88.5,0.0
2025-12-10,27.0,88.25,0.0
2025-12-10,27.0,88.5,0.0
2025-12-10,27.25,88.25,0.0
2025-12-10,27.25,88.5,0.0
2025-12-11,27.0,88.25,0.0
2025-12-11,27.0,88.5,0.0
2025-12-11,27.25,88.25,0.0
2025-12-11,27.25,88.5,0.0
2025-12-12,27.0,88.25,0.0
2025-12-12,27.0,88.5,0.0
2025-12-12,27.25,88.25,0.0
2025-12-12,27.25,88.5,0.0
2025-12-13,27.0,88.25,0.0
2025-12-13,27.0,88.5,0.0
2025-12-13,27.25,88.25,0.0
2025-12-13,27.25,88.5,0.0
2025-12-14,27.0,88.25,0.0
2025-12-14,27.0,88.5,0.0
2025-12-14,27.25,88.25,0.0
2025-12-14,27.25,88.5,0.0
2025-12-15,27.0,88.25,0.0
2025-12-15,27.0,88.5,0.0
2025-12-15,27.25,88.25,0.0
2025-12-15,27.25,88.5,0.0
2025-12-16,27.0,88.25,0.0
2025-12-16,27.0,88.5,0.0
2025-12-16,27.25,88.25,0.0
2025-12-16,27.25,88.5,0.0
2025-12-17,27.0,88.25,0.0
2025-12-17,27.0,88.5,0.0
2025-12-17,27.25,88.25,0.0
2025-12-17,27.25,88.5,0.0
2025-12-18,27.0,88.25,0.0
2025-12-18,27.0,88.5,0.0
2025-12-18,27.25,88.25,0.0
2025-12-18,27.25,88.5,0.0
2025-12-19,27.0,88.25,0.0
2025-12-19,27.0,88.5,0.0
2025-12-19,27.25,88.25,0.0
2025-12-19,27.25,88.5,0.0
2025-12-20,27.0,88.25,0.0
2025-12-20,27.0,88.5,0.0
2025-12-20,27.25,88.25,0.0
2025-12-20,27.25,88.5,0.0
2025-12-21,27.0,88.25,0.0
2025-12-21,27.0,88.5,0.0
2025-12-21,27.25,88.25,0.0
2025-12-21,27.25,88.5,0.0
2025-12-22,27.0,88.25,0.0
2025-12-22,27.0,88.5,0.0
2025-12-22,27.25,88.25,0.0
2025-12-22,27.25,88.5,0.0
2025-12-23,27.0,88.25,0.0
2025-12-23,27.0,88.5,0.0
2025-12-23,27.25,88.25,0.0
2025-12-23,27.25,88.5,0.0
2025-12-24,27.0,88.25,0.0
2025-12-24,27.0,88.5,0.0
2025-12-24,27.25,88.25,0.0
2025-12-24,27.25,88.5,0.0
2025-12-25,27.0,88.25,0.0
2025-12-25,27.0,88.5,0.0
2025-12-25,27.25,88.25,0.0
2025-12-25,27.25,88.5,0.0
2025-12-26,27.0,88.25,0.0
2025-12-26,27.0,88.5,0.0
2025-12-26,27.25,88.25,0.0
2025-12-26,27.25,88.5,0.0
2025-12-27,27.0,88.25,0.0
2025-12-27,27.0,88.5,0.0
2025-12-27,27.25,88.25,0.0
2025-12-27,27.25,88.5,0.0
2025-12-28,27.0,88.25,0.0
2025-12-28,27.0,88.5,0.0
2025-12-28,27.25,88.25,0.0
2025-12-28,27.25,88.5,0.0
2025-12-29,27.0,88.25,0.0
2025-12-29,27.0,88.5,0.0
2025-12-29,27.25,88.25,0.0
2025-12-29,27.25,88.5,0.0
2025-12-30,27.0,88.25,0.0
2025-12-30,27.0,88.5,0.0
2025-12-30,27.25,88.25,0.0
2025-12-30,27.25,88.5,0.0
2025-12-31,27.0,88.25,0.0
2025-12-31,27.0,88.5,0.0
2025-12-31,27.25,88.25,0.0
2025-12-31,27.25,88.5,0.0
